Title,Category,C0 ID,Sub category 1,C1 ID,Sub category 2,C2 ID,Brand,Brand ID,Item Size Group ID,Item size,Item size ID,Item Condition,Description,Ships from Zipcode,Price ($5 ~ $2000),Image 1,Image 2,Image 3,Image 4,Image 5,Image 6,Image 7,Image 8,Image 9,Image 10,Image 11,Image 12
Takeo Kikuchi Wallet,Men,2,Men's accessories,38,Wallets,262,,#N/A,0,,#N/A,Fair,Takeo Kikuchi Wallet used. Pretty worn out,94040, $ 150.00 ,https://imgur.com/PO8dGMR,https://imgur.com/LjSucO8,https://imgur.com/JscowKB,,,,,,,,,
Skagen watch silver,Men,2,Men's accessories,38,Watches,267,Skagen,10364,0,,#N/A,Fair,Skagen watches used. Silver in pretty good shape.,94040, $ 50.00 ,https://imgur.com/PO8dGMR,https://imgur.com/LjSucO8,https://imgur.com/JscowKB,,,,,,,,,
,,#N/A,,#N/A,,#N/A,,#N/A,#N/A,,#N/A,,,,,,,,,,,,,,,,
,,#N/A,,#N/A,,#N/A,,#N/A,#N/A,,#N/A,,,,,,,,,,,,,,,,
,,#N/A,,#N/A,,#N/A,,#N/A,#N/A,,#N/A,,,,,,,,,,,,,,,,
,,#N/A,,#N/A,,#N/A,,#N/A,#N/A,,#N/A,,,,,,,,,,,,,,,,
,,#N/A,,#N/A,,#N/A,,#N/A,#N/A,,#N/A,,,,,,,,,,,,,,,,
,,#N/A,,#N/A,,#N/A,,#N/A,#N/A,,#N/A,,,,,,,,,,,,,,,,
,,#N/A,,#N/A,,#N/A,,#N/A,#N/A,,#N/A,,,,,,,,,,,,,,,,
,,#N/A,,#N/A,,#N/A,,#N/A,#N/A,,#N/A,,,,,,,,,,,,,,,,
,,#N/A,,#N/A,,#N/A,,#N/A,#N/A,,#N/A,,,,,,,,,,,,,,,,
,,#N/A,,#N/A,,#N/A,,#N/A,#N/A,,#N/A,,,,,,,,,,,,,,,,
,,#N/A,,#N/A,,#N/A,,#N/A,#N/A,,#N/A,,,,,,,,,,,,,,,,
,,#N/A,,#N/A,,#N/A,,#N/A,#N/A,,#N/A,,,,,,,,,,,,,,,,
,,#N/A,,#N/A,,#N/A,,#N/A,#N/A,,#N/A,,,,,,,,,,,,,,,,
,,#N/A,,#N/A,,#N/A,,#N/A,#N/A,,#N/A,,,,,,,,,,,,,,,,
,,#N/A,,#N/A,,#N/A,,#N/A,#N/A,,#N/A,,,,,,,,,,,,,,,,
,,#N/A,,#N/A,,#N/A,,#N/A,#N/A,,#N/A,,,,,,,,,,,,,,,,
,,#N/A,,#N/A,,#N/A,,#N/A,#N/A,,#N/A,,,,,,,,,,,,,,,,
,,#N/A,,#N/A,,#N/A,,#N/A,#N/A,,#N/A,,,,,,,,,,,,,,,,
,,#N/A,,#N/A,,#N/A,,#N/A,#N/A,,#N/A,,,,,,,,,,,,,,,,
,,#N/A,,#N/A,,#N/A,,#N/A,#N/A,,#N/A,,,,,,,,,,,,,,,,
,,#N/A,,#N/A,,#N/A,,#N/A,#N/A,,#N/A,,,,,,,,,,,,,,,,
,,#N/A,,#N/A,,#N/A,,#N/A,#N/A,,#N/A,,,,,,,,,,,,,,,,
,,#N/A,,#N/A,,#N/A,,#N/A,#N/A,,#N/A,,,,,,,,,,,,,,,,
,,#N/A,,#N/A,,#N/A,,#N/A,#N/A,,#N/A,,,,,,,,,,,,,,,,
,,#N/A,,#N/A,,#N/A,,#N/A,#N/A,,#N/A,,,,,,,,,,,,,,,,
,,#N/A,,#N/A,,#N/A,,#N/A,#N/A,,#N/A,,,,,,,,,,,,,,,,
,,#N/A,,#N/A,,#N/A,,#N/A,#N/A,,#N/A,,,,,,,,,,,,,,,,
,,#N/A,,#N/A,,#N/A,,#N/A,#N/A,,#N/A,,,,,,,,,,,,,,,,
,,#N/A,,#N/A,,#N/A,,#N/A,#N/A,,#N/A,,,,,,,,,,,,,,,,
,,#N/A,,#N/A,,#N/A,,#N/A,#N/A,,#N/A,,,,,,,,,,,,,,,,
,,#N/A,,#N/A,,#N/A,,#N/A,#N/A,,#N/A,,,,,,,,,,,,,,,,
,,#N/A,,#N/A,,#N/A,,#N/A,#N/A,,#N/A,,,,,,,,,,,,,,,,
,,#N/A,,#N/A,,#N/A,,#N/A,#N/A,,#N/A,,,,,,,,,,,,,,,,
,,#N/A,,#N/A,,#N/A,,#N/A,#N/A,,#N/A,,,,,,,,,,,,,,,,
,,#N/A,,#N/A,,#N/A,,#N/A,#N/A,,#N/A,,,,,,,,,,,,,,,,
,,#N/A,,#N/A,,#N/A,,#N/A,#N/A,,#N/A,,,,,,,,,,,,,,,,
,,#N/A,,#N/A,,#N/A,,#N/A,#N/A,,#N/A,,,,,,,,,,,,,,,,
,,#N/A,,#N/A,,#N/A,,#N/A,#N/A,,#N/A,,,,,,,,,,,,,,,,
,,#N/A,,#N/A,,#N/A,,#N/A,#N/A,,#N/A,,,,,,,,,,,,,,,,
,,#N/A,,#N/A,,#N/A,,#N/A,#N/A,,#N/A,,,,,,,,,,,,,,,,
,,#N/A,,#N/A,,#N/A,,#N/A,#N/A,,#N/A,,,,,,,,,,,,,,,,
,,#N/A,,#N/A,,#N/A,,#N/A,#N/A,,#N/A,,,,,,,,,,,,,,,,
,,#N/A,,#N/A,,#N/A,,#N/A,#N/A,,#N/A,,,,,,,,,,,,,,,,
,,#N/A,,#N/A,,#N/A,,#N/A,#N/A,,#N/A,,,,,,,,,,,,,,,,
,,#N/A,,#N/A,,#N/A,,#N/A,#N/A,,#N/A,,,,,,,,,,,,,,,,
,,#N/A,,#N/A,,#N/A,,#N/A,#N/A,,#N/A,,,,,,,,,,,,,,,,
,,#N/A,,#N/A,,#N/A,,#N/A,#N/A,,#N/A,,,,,,,,,,,,,,,,
,,#N/A,,#N/A,,#N/A,,#N/A,#N/A,,#N/A,,,,,,,,,,,,,,,,
,,#N/A,,#N/A,,#N/A,,#N/A,#N/A,,#N/A,,,,,,,,,,,,,,,,
,,#N/A,,#N/A,,#N/A,,#N/A,#N/A,,#N/A,,,,,,,,,,,,,,,,
,,#N/A,,#N/A,,#N/A,,#N/A,#N/A,,#N/A,,,,,,,,,,,,,,,,
,,#N/A,,#N/A,,#N/A,,#N/A,#N/A,,#N/A,,,,,,,,,,,,,,,,
,,#N/A,,#N/A,,#N/A,,#N/A,#N/A,,#N/A,,,,,,,,,,,,,,,,
,,#N/A,,#N/A,,#N/A,,#N/A,#N/A,,#N/A,,,,,,,,,,,,,,,,
,,#N/A,,#N/A,,#N/A,,#N/A,#N/A,,#N/A,,,,,,,,,,,,,,,,
,,#N/A,,#N/A,,#N/A,,#N/A,#N/A,,#N/A,,,,,,,,,,,,,,,,
,,#N/A,,#N/A,,#N/A,,#N/A,#N/A,,#N/A,,,,,,,,,,,,,,,,
,,#N/A,,#N/A,,#N/A,,#N/A,#N/A,,#N/A,,,,,,,,,,,,,,,,
,,#N/A,,#N/A,,#N/A,,#N/A,#N/A,,#N/A,,,,,,,,,,,,,,,,
,,#N/A,,#N/A,,#N/A,,#N/A,#N/A,,#N/A,,,,,,,,,,,,,,,,
,,#N/A,,#N/A,,#N/A,,#N/A,#N/A,,#N/A,,,,,,,,,,,,,,,,
,,#N/A,,#N/A,,#N/A,,#N/A,#N/A,,#N/A,,,,,,,,,,,,,,,,
,,#N/A,,#N/A,,#N/A,,#N/A,#N/A,,#N/A,,,,,,,,,,,,,,,,
,,#N/A,,#N/A,,#N/A,,#N/A,#N/A,,#N/A,,,,,,,,,,,,,,,,
,,#N/A,,#N/A,,#N/A,,#N/A,#N/A,,#N/A,,,,,,,,,,,,,,,,
,,#N/A,,#N/A,,#N/A,,#N/A,#N/A,,#N/A,,,,,,,,,,,,,,,,
,,#N/A,,#N/A,,#N/A,,#N/A,#N/A,,#N/A,,,,,,,,,,,,,,,,
,,#N/A,,#N/A,,#N/A,,#N/A,#N/A,,#N/A,,,,,,,,,,,,,,,,
,,#N/A,,#N/A,,#N/A,,#N/A,#N/A,,#N/A,,,,,,,,,,,,,,,,
,,#N/A,,#N/A,,#N/A,,#N/A,#N/A,,#N/A,,,,,,,,,,,,,,,,
,,#N/A,,#N/A,,#N/A,,#N/A,#N/A,,#N/A,,,,,,,,,,,,,,,,
,,#N/A,,#N/A,,#N/A,,#N/A,#N/A,,#N/A,,,,,,,,,,,,,,,,
,,#N/A,,#N/A,,#N/A,,#N/A,#N/A,,#N/A,,,,,,,,,,,,,,,,
,,#N/A,,#N/A,,#N/A,,#N/A,#N/A,,#N/A,,,,,,,,,,,,,,,,
,,#N/A,,#N/A,,#N/A,,#N/A,#N/A,,#N/A,,,,,,,,,,,,,,,,
,,#N/A,,#N/A,,#N/A,,#N/A,#N/A,,#N/A,,,,,,,,,,,,,,,,
,,#N/A,,#N/A,,#N/A,,#N/A,#N/A,,#N/A,,,,,,,,,,,,,,,,
,,#N/A,,#N/A,,#N/A,,#N/A,#N/A,,#N/A,,,,,,,,,,,,,,,,
,,#N/A,,#N/A,,#N/A,,#N/A,#N/A,,#N/A,,,,,,,,,,,,,,,,
,,#N/A,,#N/A,,#N/A,,#N/A,#N/A,,#N/A,,,,,,,,,,,,,,,,
,,#N/A,,#N/A,,#N/A,,#N/A,#N/A,,#N/A,,,,,,,,,,,,,,,,
,,#N/A,,#N/A,,#N/A,,#N/A,#N/A,,#N/A,,,,,,,,,,,,,,,,
,,#N/A,,#N/A,,#N/A,,#N/A,#N/A,,#N/A,,,,,,,,,,,,,,,,
,,#N/A,,#N/A,,#N/A,,#N/A,#N/A,,#N/A,,,,,,,,,,,,,,,,
,,#N/A,,#N/A,,#N/A,,#N/A,#N/A,,#N/A,,,,,,,,,,,,,,,,
,,#N/A,,#N/A,,#N/A,,#N/A,#N/A,,#N/A,,,,,,,,,,,,,,,,
,,#N/A,,#N/A,,#N/A,,#N/A,#N/A,,#N/A,,,,,,,,,,,,,,,,
,,#N/A,,#N/A,,#N/A,,#N/A,#N/A,,#N/A,,,,,,,,,,,,,,,,
,,#N/A,,#N/A,,#N/A,,#N/A,#N/A,,#N/A,,,,,,,,,,,,,,,,
,,#N/A,,#N/A,,#N/A,,#N/A,#N/A,,#N/A,,,,,,,,,,,,,,,,
,,#N/A,,#N/A,,#N/A,,#N/A,#N/A,,#N/A,,,,,,,,,,,,,,,,
,,#N/A,,#N/A,,#N/A,,#N/A,#N/A,,#N/A,,,,,,,,,,,,,,,,
,,#N/A,,#N/A,,#N/A,,#N/A,#N/A,,#N/A,,,,,,,,,,,,,,,,
,,#N/A,,#N/A,,#N/A,,#N/A,#N/A,,#N/A,,,,,,,,,,,,,,,,
,,#N/A,,#N/A,,#N/A,,#N/A,#N/A,,#N/A,,,,,,,,,,,,,,,,
,,#N/A,,#N/A,,#N/A,,#N/A,#N/A,,#N/A,,,,,,,,,,,,,,,,
,,#N/A,,#N/A,,#N/A,,#N/A,#N/A,,#N/A,,,,,,,,,,,,,,,,
,,#N/A,,#N/A,,#N/A,,#N/A,#N/A,,#N/A,,,,,,,,,,,,,,,,
,,#N/A,,#N/A,,#N/A,,#N/A,#N/A,,#N/A,,,,,,,,,,,,,,,,
,,#N/A,,#N/A,,#N/A,,#N/A,#N/A,,#N/A,,,,,,,,,,,,,,,,
,,#N/A,,#N/A,,#N/A,,#N/A,#N/A,,#N/A,,,,,,,,,,,,,,,,
,,#N/A,,#N/A,,#N/A,,#N/A,#N/A,,#N/A,,,,,,,,,,,,,,,,
,,#N/A,,#N/A,,#N/A,,#N/A,#N/A,,#N/A,,,,,,,,,,,,,,,,
,,#N/A,,#N/A,,#N/A,,#N/A,#N/A,,#N/A,,,,,,,,,,,,,,,,
,,#N/A,,#N/A,,#N/A,,#N/A,#N/A,,#N/A,,,,,,,,,,,,,,,,
,,#N/A,,#N/A,,#N/A,,#N/A,#N/A,,#N/A,,,,,,,,,,,,,,,,
,,#N/A,,#N/A,,#N/A,,#N/A,#N/A,,#N/A,,,,,,,,,,,,,,,,
,,#N/A,,#N/A,,#N/A,,#N/A,#N/A,,#N/A,,,,,,,,,,,,,,,,
,,#N/A,,#N/A,,#N/A,,#N/A,#N/A,,#N/A,,,,,,,,,,,,,,,,
,,#N/A,,#N/A,,#N/A,,#N/A,#N/A,,#N/A,,,,,,,,,,,,,,,,
,,#N/A,,#N/A,,#N/A,,#N/A,#N/A,,#N/A,,,,,,,,,,,,,,,,
,,#N/A,,#N/A,,#N/A,,#N/A,#N/A,,#N/A,,,,,,,,,,,,,,,,
,,#N/A,,#N/A,,#N/A,,#N/A,#N/A,,#N/A,,,,,,,,,,,,,,,,
,,#N/A,,#N/A,,#N/A,,#N/A,#N/A,,#N/A,,,,,,,,,,,,,,,,
,,#N/A,,#N/A,,#N/A,,#N/A,#N/A,,#N/A,,,,,,,,,,,,,,,,
,,#N/A,,#N/A,,#N/A,,#N/A,#N/A,,#N/A,,,,,,,,,,,,,,,,
,,#N/A,,#N/A,,#N/A,,#N/A,#N/A,,#N/A,,,,,,,,,,,,,,,,
,,#N/A,,#N/A,,#N/A,,#N/A,#N/A,,#N/A,,,,,,,,,,,,,,,,
,,#N/A,,#N/A,,#N/A,,#N/A,#N/A,,#N/A,,,,,,,,,,,,,,,,
,,#N/A,,#N/A,,#N/A,,#N/A,#N/A,,#N/A,,,,,,,,,,,,,,,,
,,#N/A,,#N/A,,#N/A,,#N/A,#N/A,,#N/A,,,,,,,,,,,,,,,,
,,#N/A,,#N/A,,#N/A,,#N/A,#N/A,,#N/A,,,,,,,,,,,,,,,,
,,#N/A,,#N/A,,#N/A,,#N/A,#N/A,,#N/A,,,,,,,,,,,,,,,,
,,#N/A,,#N/A,,#N/A,,#N/A,#N/A,,#N/A,,,,,,,,,,,,,,,,
,,#N/A,,#N/A,,#N/A,,#N/A,#N/A,,#N/A,,,,,,,,,,,,,,,,
,,#N/A,,#N/A,,#N/A,,#N/A,#N/A,,#N/A,,,,,,,,,,,,,,,,
,,#N/A,,#N/A,,#N/A,,#N/A,#N/A,,#N/A,,,,,,,,,,,,,,,,
,,#N/A,,#N/A,,#N/A,,#N/A,#N/A,,#N/A,,,,,,,,,,,,,,,,
,,#N/A,,#N/A,,#N/A,,#N/A,#N/A,,#N/A,,,,,,,,,,,,,,,,
,,#N/A,,#N/A,,#N/A,,#N/A,#N/A,,#N/A,,,,,,,,,,,,,,,,
,,#N/A,,#N/A,,#N/A,,#N/A,#N/A,,#N/A,,,,,,,,,,,,,,,,
,,#N/A,,#N/A,,#N/A,,#N/A,#N/A,,#N/A,,,,,,,,,,,,,,,,
,,#N/A,,#N/A,,#N/A,,#N/A,#N/A,,#N/A,,,,,,,,,,,,,,,,
,,#N/A,,#N/A,,#N/A,,#N/A,#N/A,,#N/A,,,,,,,,,,,,,,,,
,,#N/A,,#N/A,,#N/A,,#N/A,#N/A,,#N/A,,,,,,,,,,,,,,,,
,,#N/A,,#N/A,,#N/A,,#N/A,#N/A,,#N/A,,,,,,,,,,,,,,,,
,,#N/A,,#N/A,,#N/A,,#N/A,#N/A,,#N/A,,,,,,,,,,,,,,,,
,,#N/A,,#N/A,,#N/A,,#N/A,#N/A,,#N/A,,,,,,,,,,,,,,,,
,,#N/A,,#N/A,,#N/A,,#N/A,#N/A,,#N/A,,,,,,,,,,,,,,,,
,,#N/A,,#N/A,,#N/A,,#N/A,#N/A,,#N/A,,,,,,,,,,,,,,,,
,,#N/A,,#N/A,,#N/A,,#N/A,#N/A,,#N/A,,,,,,,,,,,,,,,,
,,#N/A,,#N/A,,#N/A,,#N/A,#N/A,,#N/A,,,,,,,,,,,,,,,,
,,#N/A,,#N/A,,#N/A,,#N/A,#N/A,,#N/A,,,,,,,,,,,,,,,,
,,#N/A,,#N/A,,#N/A,,#N/A,#N/A,,#N/A,,,,,,,,,,,,,,,,
,,#N/A,,#N/A,,#N/A,,#N/A,#N/A,,#N/A,,,,,,,,,,,,,,,,
,,#N/A,,#N/A,,#N/A,,#N/A,#N/A,,#N/A,,,,,,,,,,,,,,,,
,,#N/A,,#N/A,,#N/A,,#N/A,#N/A,,#N/A,,,,,,,,,,,,,,,,
,,#N/A,,#N/A,,#N/A,,#N/A,#N/A,,#N/A,,,,,,,,,,,,,,,,
,,#N/A,,#N/A,,#N/A,,#N/A,#N/A,,#N/A,,,,,,,,,,,,,,,,
,,#N/A,,#N/A,,#N/A,,#N/A,#N/A,,#N/A,,,,,,,,,,,,,,,,
,,#N/A,,#N/A,,#N/A,,#N/A,#N/A,,#N/A,,,,,,,,,,,,,,,,
,,#N/A,,#N/A,,#N/A,,#N/A,#N/A,,#N/A,,,,,,,,,,,,,,,,
,,#N/A,,#N/A,,#N/A,,#N/A,#N/A,,#N/A,,,,,,,,,,,,,,,,
,,#N/A,,#N/A,,#N/A,,#N/A,#N/A,,#N/A,,,,,,,,,,,,,,,,
,,#N/A,,#N/A,,#N/A,,#N/A,#N/A,,#N/A,,,,,,,,,,,,,,,,
,,#N/A,,#N/A,,#N/A,,#N/A,#N/A,,#N/A,,,,,,,,,,,,,,,,
,,#N/A,,#N/A,,#N/A,,#N/A,#N/A,,#N/A,,,,,,,,,,,,,,,,
,,#N/A,,#N/A,,#N/A,,#N/A,#N/A,,#N/A,,,,,,,,,,,,,,,,
,,#N/A,,#N/A,,#N/A,,#N/A,#N/A,,#N/A,,,,,,,,,,,,,,,,
,,#N/A,,#N/A,,#N/A,,#N/A,#N/A,,#N/A,,,,,,,,,,,,,,,,
,,#N/A,,#N/A,,#N/A,,#N/A,#N/A,,#N/A,,,,,,,,,,,,,,,,
,,#N/A,,#N/A,,#N/A,,#N/A,#N/A,,#N/A,,,,,,,,,,,,,,,,
,,#N/A,,#N/A,,#N/A,,#N/A,#N/A,,#N/A,,,,,,,,,,,,,,,,
,,#N/A,,#N/A,,#N/A,,#N/A,#N/A,,#N/A,,,,,,,,,,,,,,,,
,,#N/A,,#N/A,,#N/A,,#N/A,#N/A,,#N/A,,,,,,,,,,,,,,,,
,,#N/A,,#N/A,,#N/A,,#N/A,#N/A,,#N/A,,,,,,,,,,,,,,,,
,,#N/A,,#N/A,,#N/A,,#N/A,#N/A,,#N/A,,,,,,,,,,,,,,,,
,,#N/A,,#N/A,,#N/A,,#N/A,#N/A,,#N/A,,,,,,,,,,,,,,,,
,,#N/A,,#N/A,,#N/A,,#N/A,#N/A,,#N/A,,,,,,,,,,,,,,,,
,,#N/A,,#N/A,,#N/A,,#N/A,#N/A,,#N/A,,,,,,,,,,,,,,,,
,,#N/A,,#N/A,,#N/A,,#N/A,#N/A,,#N/A,,,,,,,,,,,,,,,,
,,#N/A,,#N/A,,#N/A,,#N/A,#N/A,,#N/A,,,,,,,,,,,,,,,,
,,#N/A,,#N/A,,#N/A,,#N/A,#N/A,,#N/A,,,,,,,,,,,,,,,,
,,#N/A,,#N/A,,#N/A,,#N/A,#N/A,,#N/A,,,,,,,,,,,,,,,,
,,#N/A,,#N/A,,#N/A,,#N/A,#N/A,,#N/A,,,,,,,,,,,,,,,,
,,#N/A,,#N/A,,#N/A,,#N/A,#N/A,,#N/A,,,,,,,,,,,,,,,,
,,#N/A,,#N/A,,#N/A,,#N/A,#N/A,,#N/A,,,,,,,,,,,,,,,,
,,#N/A,,#N/A,,#N/A,,#N/A,#N/A,,#N/A,,,,,,,,,,,,,,,,
,,#N/A,,#N/A,,#N/A,,#N/A,#N/A,,#N/A,,,,,,,,,,,,,,,,
,,#N/A,,#N/A,,#N/A,,#N/A,#N/A,,#N/A,,,,,,,,,,,,,,,,
,,#N/A,,#N/A,,#N/A,,#N/A,#N/A,,#N/A,,,,,,,,,,,,,,,,
,,#N/A,,#N/A,,#N/A,,#N/A,#N/A,,#N/A,,,,,,,,,,,,,,,,
,,#N/A,,#N/A,,#N/A,,#N/A,#N/A,,#N/A,,,,,,,,,,,,,,,,
,,#N/A,,#N/A,,#N/A,,#N/A,#N/A,,#N/A,,,,,,,,,,,,,,,,
,,#N/A,,#N/A,,#N/A,,#N/A,#N/A,,#N/A,,,,,,,,,,,,,,,,
,,#N/A,,#N/A,,#N/A,,#N/A,#N/A,,#N/A,,,,,,,,,,,,,,,,
,,#N/A,,#N/A,,#N/A,,#N/A,#N/A,,#N/A,,,,,,,,,,,,,,,,
,,#N/A,,#N/A,,#N/A,,#N/A,#N/A,,#N/A,,,,,,,,,,,,,,,,
,,#N/A,,#N/A,,#N/A,,#N/A,#N/A,,#N/A,,,,,,,,,,,,,,,,
,,#N/A,,#N/A,,#N/A,,#N/A,#N/A,,#N/A,,,,,,,,,,,,,,,,
,,#N/A,,#N/A,,#N/A,,#N/A,#N/A,,#N/A,,,,,,,,,,,,,,,,
,,#N/A,,#N/A,,#N/A,,#N/A,#N/A,,#N/A,,,,,,,,,,,,,,,,
,,#N/A,,#N/A,,#N/A,,#N/A,#N/A,,#N/A,,,,,,,,,,,,,,,,
,,#N/A,,#N/A,,#N/A,,#N/A,#N/A,,#N/A,,,,,,,,,,,,,,,,
,,#N/A,,#N/A,,#N/A,,#N/A,#N/A,,#N/A,,,,,,,,,,,,,,,,
,,#N/A,,#N/A,,#N/A,,#N/A,#N/A,,#N/A,,,,,,,,,,,,,,,,
,,#N/A,,#N/A,,#N/A,,#N/A,#N/A,,#N/A,,,,,,,,,,,,,,,,
,,#N/A,,#N/A,,#N/A,,#N/A,#N/A,,#N/A,,,,,,,,,,,,,,,,
,,#N/A,,#N/A,,#N/A,,#N/A,#N/A,,#N/A,,,,,,,,,,,,,,,,
,,#N/A,,#N/A,,#N/A,,#N/A,#N/A,,#N/A,,,,,,,,,,,,,,,,
,,#N/A,,#N/A,,#N/A,,#N/A,#N/A,,#N/A,,,,,,,,,,,,,,,,
,,#N/A,,#N/A,,#N/A,,#N/A,#N/A,,#N/A,,,,,,,,,,,,,,,,
,,#N/A,,#N/A,,#N/A,,#N/A,#N/A,,#N/A,,,,,,,,,,,,,,,,
,,#N/A,,#N/A,,#N/A,,#N/A,#N/A,,#N/A,,,,,,,,,,,,,,,,
,,#N/A,,#N/A,,#N/A,,#N/A,#N/A,,#N/A,,,,,,,,,,,,,,,,
,,#N/A,,#N/A,,#N/A,,#N/A,#N/A,,#N/A,,,,,,,,,,,,,,,,
,,#N/A,,#N/A,,#N/A,,#N/A,#N/A,,#N/A,,,,,,,,,,,,,,,,
,,#N/A,,#N/A,,#N/A,,#N/A,#N/A,,#N/A,,,,,,,,,,,,,,,,
,,#N/A,,#N/A,,#N/A,,#N/A,#N/A,,#N/A,,,,,,,,,,,,,,,,
,,#N/A,,#N/A,,#N/A,,#N/A,#N/A,,#N/A,,,,,,,,,,,,,,,,
,,#N/A,,#N/A,,#N/A,,#N/A,#N/A,,#N/A,,,,,,,,,,,,,,,,
,,#N/A,,#N/A,,#N/A,,#N/A,#N/A,,#N/A,,,,,,,,,,,,,,,,
,,#N/A,,#N/A,,#N/A,,#N/A,#N/A,,#N/A,,,,,,,,,,,,,,,,
,,#N/A,,#N/A,,#N/A,,#N/A,#N/A,,#N/A,,,,,,,,,,,,,,,,
,,#N/A,,#N/A,,#N/A,,#N/A,#N/A,,#N/A,,,,,,,,,,,,,,,,
,,#N/A,,#N/A,,#N/A,,#N/A,#N/A,,#N/A,,,,,,,,,,,,,,,,
,,#N/A,,#N/A,,#N/A,,#N/A,#N/A,,#N/A,,,,,,,,,,,,,,,,
,,#N/A,,#N/A,,#N/A,,#N/A,#N/A,,#N/A,,,,,,,,,,,,,,,,
,,#N/A,,#N/A,,#N/A,,#N/A,#N/A,,#N/A,,,,,,,,,,,,,,,,
,,#N/A,,#N/A,,#N/A,,#N/A,#N/A,,#N/A,,,,,,,,,,,,,,,,
,,#N/A,,#N/A,,#N/A,,#N/A,#N/A,,#N/A,,,,,,,,,,,,,,,,
,,#N/A,,#N/A,,#N/A,,#N/A,#N/A,,#N/A,,,,,,,,,,,,,,,,
,,#N/A,,#N/A,,#N/A,,#N/A,#N/A,,#N/A,,,,,,,,,,,,,,,,
,,#N/A,,#N/A,,#N/A,,#N/A,#N/A,,#N/A,,,,,,,,,,,,,,,,
,,#N/A,,#N/A,,#N/A,,#N/A,#N/A,,#N/A,,,,,,,,,,,,,,,,
,,#N/A,,#N/A,,#N/A,,#N/A,#N/A,,#N/A,,,,,,,,,,,,,,,,
,,#N/A,,#N/A,,#N/A,,#N/A,#N/A,,#N/A,,,,,,,,,,,,,,,,
,,#N/A,,#N/A,,#N/A,,#N/A,#N/A,,#N/A,,,,,,,,,,,,,,,,
,,#N/A,,#N/A,,#N/A,,#N/A,#N/A,,#N/A,,,,,,,,,,,,,,,,
,,#N/A,,#N/A,,#N/A,,#N/A,#N/A,,#N/A,,,,,,,,,,,,,,,,
,,#N/A,,#N/A,,#N/A,,#N/A,#N/A,,#N/A,,,,,,,,,,,,,,,,
,,#N/A,,#N/A,,#N/A,,#N/A,#N/A,,#N/A,,,,,,,,,,,,,,,,
,,#N/A,,#N/A,,#N/A,,#N/A,#N/A,,#N/A,,,,,,,,,,,,,,,,
,,#N/A,,#N/A,,#N/A,,#N/A,#N/A,,#N/A,,,,,,,,,,,,,,,,
,,#N/A,,#N/A,,#N/A,,#N/A,#N/A,,#N/A,,,,,,,,,,,,,,,,
,,#N/A,,#N/A,,#N/A,,#N/A,#N/A,,#N/A,,,,,,,,,,,,,,,,
,,#N/A,,#N/A,,#N/A,,#N/A,#N/A,,#N/A,,,,,,,,,,,,,,,,
,,#N/A,,#N/A,,#N/A,,#N/A,#N/A,,#N/A,,,,,,,,,,,,,,,,
,,#N/A,,#N/A,,#N/A,,#N/A,#N/A,,#N/A,,,,,,,,,,,,,,,,
,,#N/A,,#N/A,,#N/A,,#N/A,#N/A,,#N/A,,,,,,,,,,,,,,,,
,,#N/A,,#N/A,,#N/A,,#N/A,#N/A,,#N/A,,,,,,,,,,,,,,,,
,,#N/A,,#N/A,,#N/A,,#N/A,#N/A,,#N/A,,,,,,,,,,,,,,,,
,,#N/A,,#N/A,,#N/A,,#N/A,#N/A,,#N/A,,,,,,,,,,,,,,,,
,,#N/A,,#N/A,,#N/A,,#N/A,#N/A,,#N/A,,,,,,,,,,,,,,,,
,,#N/A,,#N/A,,#N/A,,#N/A,#N/A,,#N/A,,,,,,,,,,,,,,,,
,,#N/A,,#N/A,,#N/A,,#N/A,#N/A,,#N/A,,,,,,,,,,,,,,,,
,,#N/A,,#N/A,,#N/A,,#N/A,#N/A,,#N/A,,,,,,,,,,,,,,,,
,,#N/A,,#N/A,,#N/A,,#N/A,#N/A,,#N/A,,,,,,,,,,,,,,,,
,,#N/A,,#N/A,,#N/A,,#N/A,#N/A,,#N/A,,,,,,,,,,,,,,,,
,,#N/A,,#N/A,,#N/A,,#N/A,#N/A,,#N/A,,,,,,,,,,,,,,,,
,,#N/A,,#N/A,,#N/A,,#N/A,#N/A,,#N/A,,,,,,,,,,,,,,,,
,,#N/A,,#N/A,,#N/A,,#N/A,#N/A,,#N/A,,,,,,,,,,,,,,,,
,,#N/A,,#N/A,,#N/A,,#N/A,#N/A,,#N/A,,,,,,,,,,,,,,,,
,,#N/A,,#N/A,,#N/A,,#N/A,#N/A,,#N/A,,,,,,,,,,,,,,,,
,,#N/A,,#N/A,,#N/A,,#N/A,#N/A,,#N/A,,,,,,,,,,,,,,,,
,,#N/A,,#N/A,,#N/A,,#N/A,#N/A,,#N/A,,,,,,,,,,,,,,,,
,,#N/A,,#N/A,,#N/A,,#N/A,#N/A,,#N/A,,,,,,,,,,,,,,,,
,,#N/A,,#N/A,,#N/A,,#N/A,#N/A,,#N/A,,,,,,,,,,,,,,,,
,,#N/A,,#N/A,,#N/A,,#N/A,#N/A,,#N/A,,,,,,,,,,,,,,,,
,,#N/A,,#N/A,,#N/A,,#N/A,#N/A,,#N/A,,,,,,,,,,,,,,,,
,,#N/A,,#N/A,,#N/A,,#N/A,#N/A,,#N/A,,,,,,,,,,,,,,,,
,,#N/A,,#N/A,,#N/A,,#N/A,#N/A,,#N/A,,,,,,,,,,,,,,,,
,,#N/A,,#N/A,,#N/A,,#N/A,#N/A,,#N/A,,,,,,,,,,,,,,,,
,,#N/A,,#N/A,,#N/A,,#N/A,#N/A,,#N/A,,,,,,,,,,,,,,,,
,,#N/A,,#N/A,,#N/A,,#N/A,#N/A,,#N/A,,,,,,,,,,,,,,,,
,,#N/A,,#N/A,,#N/A,,#N/A,#N/A,,#N/A,,,,,,,,,,,,,,,,
,,#N/A,,#N/A,,#N/A,,#N/A,#N/A,,#N/A,,,,,,,,,,,,,,,,
,,#N/A,,#N/A,,#N/A,,#N/A,#N/A,,#N/A,,,,,,,,,,,,,,,,
,,#N/A,,#N/A,,#N/A,,#N/A,#N/A,,#N/A,,,,,,,,,,,,,,,,
,,#N/A,,#N/A,,#N/A,,#N/A,#N/A,,#N/A,,,,,,,,,,,,,,,,
,,#N/A,,#N/A,,#N/A,,#N/A,#N/A,,#N/A,,,,,,,,,,,,,,,,
,,#N/A,,#N/A,,#N/A,,#N/A,#N/A,,#N/A,,,,,,,,,,,,,,,,
,,#N/A,,#N/A,,#N/A,,#N/A,#N/A,,#N/A,,,,,,,,,,,,,,,,
,,#N/A,,#N/A,,#N/A,,#N/A,#N/A,,#N/A,,,,,,,,,,,,,,,,
,,#N/A,,#N/A,,#N/A,,#N/A,#N/A,,#N/A,,,,,,,,,,,,,,,,
,,#N/A,,#N/A,,#N/A,,#N/A,#N/A,,#N/A,,,,,,,,,,,,,,,,
,,#N/A,,#N/A,,#N/A,,#N/A,#N/A,,#N/A,,,,,,,,,,,,,,,,
,,#N/A,,#N/A,,#N/A,,#N/A,#N/A,,#N/A,,,,,,,,,,,,,,,,
,,#N/A,,#N/A,,#N/A,,#N/A,#N/A,,#N/A,,,,,,,,,,,,,,,,
,,#N/A,,#N/A,,#N/A,,#N/A,#N/A,,#N/A,,,,,,,,,,,,,,,,
,,#N/A,,#N/A,,#N/A,,#N/A,#N/A,,#N/A,,,,,,,,,,,,,,,,
,,#N/A,,#N/A,,#N/A,,#N/A,#N/A,,#N/A,,,,,,,,,,,,,,,,
,,#N/A,,#N/A,,#N/A,,#N/A,#N/A,,#N/A,,,,,,,,,,,,,,,,
,,#N/A,,#N/A,,#N/A,,#N/A,#N/A,,#N/A,,,,,,,,,,,,,,,,
,,#N/A,,#N/A,,#N/A,,#N/A,#N/A,,#N/A,,,,,,,,,,,,,,,,
,,#N/A,,#N/A,,#N/A,,#N/A,#N/A,,#N/A,,,,,,,,,,,,,,,,
,,#N/A,,#N/A,,#N/A,,#N/A,#N/A,,#N/A,,,,,,,,,,,,,,,,
,,#N/A,,#N/A,,#N/A,,#N/A,#N/A,,#N/A,,,,,,,,,,,,,,,,
,,#N/A,,#N/A,,#N/A,,#N/A,#N/A,,#N/A,,,,,,,,,,,,,,,,
,,#N/A,,#N/A,,#N/A,,#N/A,#N/A,,#N/A,,,,,,,,,,,,,,,,
,,#N/A,,#N/A,,#N/A,,#N/A,#N/A,,#N/A,,,,,,,,,,,,,,,,
,,#N/A,,#N/A,,#N/A,,#N/A,#N/A,,#N/A,,,,,,,,,,,,,,,,
,,#N/A,,#N/A,,#N/A,,#N/A,#N/A,,#N/A,,,,,,,,,,,,,,,,
,,#N/A,,#N/A,,#N/A,,#N/A,#N/A,,#N/A,,,,,,,,,,,,,,,,
,,#N/A,,#N/A,,#N/A,,#N/A,#N/A,,#N/A,,,,,,,,,,,,,,,,
,,#N/A,,#N/A,,#N/A,,#N/A,#N/A,,#N/A,,,,,,,,,,,,,,,,
,,#N/A,,#N/A,,#N/A,,#N/A,#N/A,,#N/A,,,,,,,,,,,,,,,,
,,#N/A,,#N/A,,#N/A,,#N/A,#N/A,,#N/A,,,,,,,,,,,,,,,,
,,#N/A,,#N/A,,#N/A,,#N/A,#N/A,,#N/A,,,,,,,,,,,,,,,,
,,#N/A,,#N/A,,#N/A,,#N/A,#N/A,,#N/A,,,,,,,,,,,,,,,,
,,#N/A,,#N/A,,#N/A,,#N/A,#N/A,,#N/A,,,,,,,,,,,,,,,,
,,#N/A,,#N/A,,#N/A,,#N/A,#N/A,,#N/A,,,,,,,,,,,,,,,,
,,#N/A,,#N/A,,#N/A,,#N/A,#N/A,,#N/A,,,,,,,,,,,,,,,,
,,#N/A,,#N/A,,#N/A,,#N/A,#N/A,,#N/A,,,,,,,,,,,,,,,,
,,#N/A,,#N/A,,#N/A,,#N/A,#N/A,,#N/A,,,,,,,,,,,,,,,,
,,#N/A,,#N/A,,#N/A,,#N/A,#N/A,,#N/A,,,,,,,,,,,,,,,,
,,#N/A,,#N/A,,#N/A,,#N/A,#N/A,,#N/A,,,,,,,,,,,,,,,,
,,#N/A,,#N/A,,#N/A,,#N/A,#N/A,,#N/A,,,,,,,,,,,,,,,,
,,#N/A,,#N/A,,#N/A,,#N/A,#N/A,,#N/A,,,,,,,,,,,,,,,,
,,#N/A,,#N/A,,#N/A,,#N/A,#N/A,,#N/A,,,,,,,,,,,,,,,,
,,#N/A,,#N/A,,#N/A,,#N/A,#N/A,,#N/A,,,,,,,,,,,,,,,,
,,#N/A,,#N/A,,#N/A,,#N/A,#N/A,,#N/A,,,,,,,,,,,,,,,,
,,#N/A,,#N/A,,#N/A,,#N/A,#N/A,,#N/A,,,,,,,,,,,,,,,,
,,#N/A,,#N/A,,#N/A,,#N/A,#N/A,,#N/A,,,,,,,,,,,,,,,,
,,#N/A,,#N/A,,#N/A,,#N/A,#N/A,,#N/A,,,,,,,,,,,,,,,,
,,#N/A,,#N/A,,#N/A,,#N/A,#N/A,,#N/A,,,,,,,,,,,,,,,,
,,#N/A,,#N/A,,#N/A,,#N/A,#N/A,,#N/A,,,,,,,,,,,,,,,,
,,#N/A,,#N/A,,#N/A,,#N/A,#N/A,,#N/A,,,,,,,,,,,,,,,,
,,#N/A,,#N/A,,#N/A,,#N/A,#N/A,,#N/A,,,,,,,,,,,,,,,,
,,#N/A,,#N/A,,#N/A,,#N/A,#N/A,,#N/A,,,,,,,,,,,,,,,,
,,#N/A,,#N/A,,#N/A,,#N/A,#N/A,,#N/A,,,,,,,,,,,,,,,,
,,#N/A,,#N/A,,#N/A,,#N/A,#N/A,,#N/A,,,,,,,,,,,,,,,,
,,#N/A,,#N/A,,#N/A,,#N/A,#N/A,,#N/A,,,,,,,,,,,,,,,,
,,#N/A,,#N/A,,#N/A,,#N/A,#N/A,,#N/A,,,,,,,,,,,,,,,,
,,#N/A,,#N/A,,#N/A,,#N/A,#N/A,,#N/A,,,,,,,,,,,,,,,,
,,#N/A,,#N/A,,#N/A,,#N/A,#N/A,,#N/A,,,,,,,,,,,,,,,,
,,#N/A,,#N/A,,#N/A,,#N/A,#N/A,,#N/A,,,,,,,,,,,,,,,,
,,#N/A,,#N/A,,#N/A,,#N/A,#N/A,,#N/A,,,,,,,,,,,,,,,,
,,#N/A,,#N/A,,#N/A,,#N/A,#N/A,,#N/A,,,,,,,,,,,,,,,,
,,#N/A,,#N/A,,#N/A,,#N/A,#N/A,,#N/A,,,,,,,,,,,,,,,,
,,#N/A,,#N/A,,#N/A,,#N/A,#N/A,,#N/A,,,,,,,,,,,,,,,,
,,#N/A,,#N/A,,#N/A,,#N/A,#N/A,,#N/A,,,,,,,,,,,,,,,,
,,#N/A,,#N/A,,#N/A,,#N/A,#N/A,,#N/A,,,,,,,,,,,,,,,,
,,#N/A,,#N/A,,#N/A,,#N/A,#N/A,,#N/A,,,,,,,,,,,,,,,,
,,#N/A,,#N/A,,#N/A,,#N/A,#N/A,,#N/A,,,,,,,,,,,,,,,,
,,#N/A,,#N/A,,#N/A,,#N/A,#N/A,,#N/A,,,,,,,,,,,,,,,,
,,#N/A,,#N/A,,#N/A,,#N/A,#N/A,,#N/A,,,,,,,,,,,,,,,,
,,#N/A,,#N/A,,#N/A,,#N/A,#N/A,,#N/A,,,,,,,,,,,,,,,,
,,#N/A,,#N/A,,#N/A,,#N/A,#N/A,,#N/A,,,,,,,,,,,,,,,,
,,#N/A,,#N/A,,#N/A,,#N/A,#N/A,,#N/A,,,,,,,,,,,,,,,,
,,#N/A,,#N/A,,#N/A,,#N/A,#N/A,,#N/A,,,,,,,,,,,,,,,,
,,#N/A,,#N/A,,#N/A,,#N/A,#N/A,,#N/A,,,,,,,,,,,,,,,,
,,#N/A,,#N/A,,#N/A,,#N/A,#N/A,,#N/A,,,,,,,,,,,,,,,,
,,#N/A,,#N/A,,#N/A,,#N/A,#N/A,,#N/A,,,,,,,,,,,,,,,,
,,#N/A,,#N/A,,#N/A,,#N/A,#N/A,,#N/A,,,,,,,,,,,,,,,,
,,#N/A,,#N/A,,#N/A,,#N/A,#N/A,,#N/A,,,,,,,,,,,,,,,,
,,#N/A,,#N/A,,#N/A,,#N/A,#N/A,,#N/A,,,,,,,,,,,,,,,,
,,#N/A,,#N/A,,#N/A,,#N/A,#N/A,,#N/A,,,,,,,,,,,,,,,,
,,#N/A,,#N/A,,#N/A,,#N/A,#N/A,,#N/A,,,,,,,,,,,,,,,,
,,#N/A,,#N/A,,#N/A,,#N/A,#N/A,,#N/A,,,,,,,,,,,,,,,,
,,#N/A,,#N/A,,#N/A,,#N/A,#N/A,,#N/A,,,,,,,,,,,,,,,,
,,#N/A,,#N/A,,#N/A,,#N/A,#N/A,,#N/A,,,,,,,,,,,,,,,,
,,#N/A,,#N/A,,#N/A,,#N/A,#N/A,,#N/A,,,,,,,,,,,,,,,,
,,#N/A,,#N/A,,#N/A,,#N/A,#N/A,,#N/A,,,,,,,,,,,,,,,,
,,#N/A,,#N/A,,#N/A,,#N/A,#N/A,,#N/A,,,,,,,,,,,,,,,,
,,#N/A,,#N/A,,#N/A,,#N/A,#N/A,,#N/A,,,,,,,,,,,,,,,,
,,#N/A,,#N/A,,#N/A,,#N/A,#N/A,,#N/A,,,,,,,,,,,,,,,,
,,#N/A,,#N/A,,#N/A,,#N/A,#N/A,,#N/A,,,,,,,,,,,,,,,,
,,#N/A,,#N/A,,#N/A,,#N/A,#N/A,,#N/A,,,,,,,,,,,,,,,,
,,#N/A,,#N/A,,#N/A,,#N/A,#N/A,,#N/A,,,,,,,,,,,,,,,,
,,#N/A,,#N/A,,#N/A,,#N/A,#N/A,,#N/A,,,,,,,,,,,,,,,,
,,#N/A,,#N/A,,#N/A,,#N/A,#N/A,,#N/A,,,,,,,,,,,,,,,,
,,#N/A,,#N/A,,#N/A,,#N/A,#N/A,,#N/A,,,,,,,,,,,,,,,,
,,#N/A,,#N/A,,#N/A,,#N/A,#N/A,,#N/A,,,,,,,,,,,,,,,,
,,#N/A,,#N/A,,#N/A,,#N/A,#N/A,,#N/A,,,,,,,,,,,,,,,,
,,#N/A,,#N/A,,#N/A,,#N/A,#N/A,,#N/A,,,,,,,,,,,,,,,,
,,#N/A,,#N/A,,#N/A,,#N/A,#N/A,,#N/A,,,,,,,,,,,,,,,,
,,#N/A,,#N/A,,#N/A,,#N/A,#N/A,,#N/A,,,,,,,,,,,,,,,,
,,#N/A,,#N/A,,#N/A,,#N/A,#N/A,,#N/A,,,,,,,,,,,,,,,,
,,#N/A,,#N/A,,#N/A,,#N/A,#N/A,,#N/A,,,,,,,,,,,,,,,,
,,#N/A,,#N/A,,#N/A,,#N/A,#N/A,,#N/A,,,,,,,,,,,,,,,,
,,#N/A,,#N/A,,#N/A,,#N/A,#N/A,,#N/A,,,,,,,,,,,,,,,,
,,#N/A,,#N/A,,#N/A,,#N/A,#N/A,,#N/A,,,,,,,,,,,,,,,,
,,#N/A,,#N/A,,#N/A,,#N/A,#N/A,,#N/A,,,,,,,,,,,,,,,,
,,#N/A,,#N/A,,#N/A,,#N/A,#N/A,,#N/A,,,,,,,,,,,,,,,,
,,#N/A,,#N/A,,#N/A,,#N/A,#N/A,,#N/A,,,,,,,,,,,,,,,,
,,#N/A,,#N/A,,#N/A,,#N/A,#N/A,,#N/A,,,,,,,,,,,,,,,,
,,#N/A,,#N/A,,#N/A,,#N/A,#N/A,,#N/A,,,,,,,,,,,,,,,,
,,#N/A,,#N/A,,#N/A,,#N/A,#N/A,,#N/A,,,,,,,,,,,,,,,,
,,#N/A,,#N/A,,#N/A,,#N/A,#N/A,,#N/A,,,,,,,,,,,,,,,,
,,#N/A,,#N/A,,#N/A,,#N/A,#N/A,,#N/A,,,,,,,,,,,,,,,,
,,#N/A,,#N/A,,#N/A,,#N/A,#N/A,,#N/A,,,,,,,,,,,,,,,,
,,#N/A,,#N/A,,#N/A,,#N/A,#N/A,,#N/A,,,,,,,,,,,,,,,,
,,#N/A,,#N/A,,#N/A,,#N/A,#N/A,,#N/A,,,,,,,,,,,,,,,,
,,#N/A,,#N/A,,#N/A,,#N/A,#N/A,,#N/A,,,,,,,,,,,,,,,,
,,#N/A,,#N/A,,#N/A,,#N/A,#N/A,,#N/A,,,,,,,,,,,,,,,,
,,#N/A,,#N/A,,#N/A,,#N/A,#N/A,,#N/A,,,,,,,,,,,,,,,,
,,#N/A,,#N/A,,#N/A,,#N/A,#N/A,,#N/A,,,,,,,,,,,,,,,,
,,#N/A,,#N/A,,#N/A,,#N/A,#N/A,,#N/A,,,,,,,,,,,,,,,,
,,#N/A,,#N/A,,#N/A,,#N/A,#N/A,,#N/A,,,,,,,,,,,,,,,,
,,#N/A,,#N/A,,#N/A,,#N/A,#N/A,,#N/A,,,,,,,,,,,,,,,,
,,#N/A,,#N/A,,#N/A,,#N/A,#N/A,,#N/A,,,,,,,,,,,,,,,,
,,#N/A,,#N/A,,#N/A,,#N/A,#N/A,,#N/A,,,,,,,,,,,,,,,,
,,#N/A,,#N/A,,#N/A,,#N/A,#N/A,,#N/A,,,,,,,,,,,,,,,,
,,#N/A,,#N/A,,#N/A,,#N/A,#N/A,,#N/A,,,,,,,,,,,,,,,,
,,#N/A,,#N/A,,#N/A,,#N/A,#N/A,,#N/A,,,,,,,,,,,,,,,,
,,#N/A,,#N/A,,#N/A,,#N/A,#N/A,,#N/A,,,,,,,,,,,,,,,,
,,#N/A,,#N/A,,#N/A,,#N/A,#N/A,,#N/A,,,,,,,,,,,,,,,,
,,#N/A,,#N/A,,#N/A,,#N/A,#N/A,,#N/A,,,,,,,,,,,,,,,,
,,#N/A,,#N/A,,#N/A,,#N/A,#N/A,,#N/A,,,,,,,,,,,,,,,,
,,#N/A,,#N/A,,#N/A,,#N/A,#N/A,,#N/A,,,,,,,,,,,,,,,,
,,#N/A,,#N/A,,#N/A,,#N/A,#N/A,,#N/A,,,,,,,,,,,,,,,,
,,#N/A,,#N/A,,#N/A,,#N/A,#N/A,,#N/A,,,,,,,,,,,,,,,,
,,#N/A,,#N/A,,#N/A,,#N/A,#N/A,,#N/A,,,,,,,,,,,,,,,,
,,#N/A,,#N/A,,#N/A,,#N/A,#N/A,,#N/A,,,,,,,,,,,,,,,,
,,#N/A,,#N/A,,#N/A,,#N/A,#N/A,,#N/A,,,,,,,,,,,,,,,,
,,#N/A,,#N/A,,#N/A,,#N/A,#N/A,,#N/A,,,,,,,,,,,,,,,,
,,#N/A,,#N/A,,#N/A,,#N/A,#N/A,,#N/A,,,,,,,,,,,,,,,,
,,#N/A,,#N/A,,#N/A,,#N/A,#N/A,,#N/A,,,,,,,,,,,,,,,,
,,#N/A,,#N/A,,#N/A,,#N/A,#N/A,,#N/A,,,,,,,,,,,,,,,,
,,#N/A,,#N/A,,#N/A,,#N/A,#N/A,,#N/A,,,,,,,,,,,,,,,,
,,#N/A,,#N/A,,#N/A,,#N/A,#N/A,,#N/A,,,,,,,,,,,,,,,,
,,#N/A,,#N/A,,#N/A,,#N/A,#N/A,,#N/A,,,,,,,,,,,,,,,,
,,#N/A,,#N/A,,#N/A,,#N/A,#N/A,,#N/A,,,,,,,,,,,,,,,,
,,#N/A,,#N/A,,#N/A,,#N/A,#N/A,,#N/A,,,,,,,,,,,,,,,,
,,#N/A,,#N/A,,#N/A,,#N/A,#N/A,,#N/A,,,,,,,,,,,,,,,,
,,#N/A,,#N/A,,#N/A,,#N/A,#N/A,,#N/A,,,,,,,,,,,,,,,,
,,#N/A,,#N/A,,#N/A,,#N/A,#N/A,,#N/A,,,,,,,,,,,,,,,,
,,#N/A,,#N/A,,#N/A,,#N/A,#N/A,,#N/A,,,,,,,,,,,,,,,,
,,#N/A,,#N/A,,#N/A,,#N/A,#N/A,,#N/A,,,,,,,,,,,,,,,,
,,#N/A,,#N/A,,#N/A,,#N/A,#N/A,,#N/A,,,,,,,,,,,,,,,,
,,#N/A,,#N/A,,#N/A,,#N/A,#N/A,,#N/A,,,,,,,,,,,,,,,,
,,#N/A,,#N/A,,#N/A,,#N/A,#N/A,,#N/A,,,,,,,,,,,,,,,,
,,#N/A,,#N/A,,#N/A,,#N/A,#N/A,,#N/A,,,,,,,,,,,,,,,,
,,#N/A,,#N/A,,#N/A,,#N/A,#N/A,,#N/A,,,,,,,,,,,,,,,,
,,#N/A,,#N/A,,#N/A,,#N/A,#N/A,,#N/A,,,,,,,,,,,,,,,,
,,#N/A,,#N/A,,#N/A,,#N/A,#N/A,,#N/A,,,,,,,,,,,,,,,,
,,#N/A,,#N/A,,#N/A,,#N/A,#N/A,,#N/A,,,,,,,,,,,,,,,,
,,#N/A,,#N/A,,#N/A,,#N/A,#N/A,,#N/A,,,,,,,,,,,,,,,,
,,#N/A,,#N/A,,#N/A,,#N/A,#N/A,,#N/A,,,,,,,,,,,,,,,,
,,#N/A,,#N/A,,#N/A,,#N/A,#N/A,,#N/A,,,,,,,,,,,,,,,,
,,#N/A,,#N/A,,#N/A,,#N/A,#N/A,,#N/A,,,,,,,,,,,,,,,,
,,#N/A,,#N/A,,#N/A,,#N/A,#N/A,,#N/A,,,,,,,,,,,,,,,,
,,#N/A,,#N/A,,#N/A,,#N/A,#N/A,,#N/A,,,,,,,,,,,,,,,,
,,#N/A,,#N/A,,#N/A,,#N/A,#N/A,,#N/A,,,,,,,,,,,,,,,,
,,#N/A,,#N/A,,#N/A,,#N/A,#N/A,,#N/A,,,,,,,,,,,,,,,,
,,#N/A,,#N/A,,#N/A,,#N/A,#N/A,,#N/A,,,,,,,,,,,,,,,,
,,#N/A,,#N/A,,#N/A,,#N/A,#N/A,,#N/A,,,,,,,,,,,,,,,,
,,#N/A,,#N/A,,#N/A,,#N/A,#N/A,,#N/A,,,,,,,,,,,,,,,,
,,#N/A,,#N/A,,#N/A,,#N/A,#N/A,,#N/A,,,,,,,,,,,,,,,,
,,#N/A,,#N/A,,#N/A,,#N/A,#N/A,,#N/A,,,,,,,,,,,,,,,,
,,#N/A,,#N/A,,#N/A,,#N/A,#N/A,,#N/A,,,,,,,,,,,,,,,,
,,#N/A,,#N/A,,#N/A,,#N/A,#N/A,,#N/A,,,,,,,,,,,,,,,,
,,#N/A,,#N/A,,#N/A,,#N/A,#N/A,,#N/A,,,,,,,,,,,,,,,,
,,#N/A,,#N/A,,#N/A,,#N/A,#N/A,,#N/A,,,,,,,,,,,,,,,,
,,#N/A,,#N/A,,#N/A,,#N/A,#N/A,,#N/A,,,,,,,,,,,,,,,,
,,#N/A,,#N/A,,#N/A,,#N/A,#N/A,,#N/A,,,,,,,,,,,,,,,,
,,#N/A,,#N/A,,#N/A,,#N/A,#N/A,,#N/A,,,,,,,,,,,,,,,,
,,#N/A,,#N/A,,#N/A,,#N/A,#N/A,,#N/A,,,,,,,,,,,,,,,,
,,#N/A,,#N/A,,#N/A,,#N/A,#N/A,,#N/A,,,,,,,,,,,,,,,,
,,#N/A,,#N/A,,#N/A,,#N/A,#N/A,,#N/A,,,,,,,,,,,,,,,,
,,#N/A,,#N/A,,#N/A,,#N/A,#N/A,,#N/A,,,,,,,,,,,,,,,,
,,#N/A,,#N/A,,#N/A,,#N/A,#N/A,,#N/A,,,,,,,,,,,,,,,,
,,#N/A,,#N/A,,#N/A,,#N/A,#N/A,,#N/A,,,,,,,,,,,,,,,,
,,#N/A,,#N/A,,#N/A,,#N/A,#N/A,,#N/A,,,,,,,,,,,,,,,,
,,#N/A,,#N/A,,#N/A,,#N/A,#N/A,,#N/A,,,,,,,,,,,,,,,,
,,#N/A,,#N/A,,#N/A,,#N/A,#N/A,,#N/A,,,,,,,,,,,,,,,,
,,#N/A,,#N/A,,#N/A,,#N/A,#N/A,,#N/A,,,,,,,,,,,,,,,,
,,#N/A,,#N/A,,#N/A,,#N/A,#N/A,,#N/A,,,,,,,,,,,,,,,,
,,#N/A,,#N/A,,#N/A,,#N/A,#N/A,,#N/A,,,,,,,,,,,,,,,,
,,#N/A,,#N/A,,#N/A,,#N/A,#N/A,,#N/A,,,,,,,,,,,,,,,,
,,#N/A,,#N/A,,#N/A,,#N/A,#N/A,,#N/A,,,,,,,,,,,,,,,,
,,#N/A,,#N/A,,#N/A,,#N/A,#N/A,,#N/A,,,,,,,,,,,,,,,,
,,#N/A,,#N/A,,#N/A,,#N/A,#N/A,,#N/A,,,,,,,,,,,,,,,,
,,#N/A,,#N/A,,#N/A,,#N/A,#N/A,,#N/A,,,,,,,,,,,,,,,,
,,#N/A,,#N/A,,#N/A,,#N/A,#N/A,,#N/A,,,,,,,,,,,,,,,,
,,#N/A,,#N/A,,#N/A,,#N/A,#N/A,,#N/A,,,,,,,,,,,,,,,,
,,#N/A,,#N/A,,#N/A,,#N/A,#N/A,,#N/A,,,,,,,,,,,,,,,,
,,#N/A,,#N/A,,#N/A,,#N/A,#N/A,,#N/A,,,,,,,,,,,,,,,,
,,#N/A,,#N/A,,#N/A,,#N/A,#N/A,,#N/A,,,,,,,,,,,,,,,,
,,#N/A,,#N/A,,#N/A,,#N/A,#N/A,,#N/A,,,,,,,,,,,,,,,,
,,#N/A,,#N/A,,#N/A,,#N/A,#N/A,,#N/A,,,,,,,,,,,,,,,,
,,#N/A,,#N/A,,#N/A,,#N/A,#N/A,,#N/A,,,,,,,,,,,,,,,,
,,#N/A,,#N/A,,#N/A,,#N/A,#N/A,,#N/A,,,,,,,,,,,,,,,,
,,#N/A,,#N/A,,#N/A,,#N/A,#N/A,,#N/A,,,,,,,,,,,,,,,,
,,#N/A,,#N/A,,#N/A,,#N/A,#N/A,,#N/A,,,,,,,,,,,,,,,,
,,#N/A,,#N/A,,#N/A,,#N/A,#N/A,,#N/A,,,,,,,,,,,,,,,,
,,#N/A,,#N/A,,#N/A,,#N/A,#N/A,,#N/A,,,,,,,,,,,,,,,,
,,#N/A,,#N/A,,#N/A,,#N/A,#N/A,,#N/A,,,,,,,,,,,,,,,,
,,#N/A,,#N/A,,#N/A,,#N/A,#N/A,,#N/A,,,,,,,,,,,,,,,,
,,#N/A,,#N/A,,#N/A,,#N/A,#N/A,,#N/A,,,,,,,,,,,,,,,,
,,#N/A,,#N/A,,#N/A,,#N/A,#N/A,,#N/A,,,,,,,,,,,,,,,,
,,#N/A,,#N/A,,#N/A,,#N/A,#N/A,,#N/A,,,,,,,,,,,,,,,,
,,#N/A,,#N/A,,#N/A,,#N/A,#N/A,,#N/A,,,,,,,,,,,,,,,,
,,#N/A,,#N/A,,#N/A,,#N/A,#N/A,,#N/A,,,,,,,,,,,,,,,,
,,#N/A,,#N/A,,#N/A,,#N/A,#N/A,,#N/A,,,,,,,,,,,,,,,,
,,#N/A,,#N/A,,#N/A,,#N/A,#N/A,,#N/A,,,,,,,,,,,,,,,,
,,#N/A,,#N/A,,#N/A,,#N/A,#N/A,,#N/A,,,,,,,,,,,,,,,,
,,#N/A,,#N/A,,#N/A,,#N/A,#N/A,,#N/A,,,,,,,,,,,,,,,,
,,#N/A,,#N/A,,#N/A,,#N/A,#N/A,,#N/A,,,,,,,,,,,,,,,,
,,#N/A,,#N/A,,#N/A,,#N/A,#N/A,,#N/A,,,,,,,,,,,,,,,,
,,#N/A,,#N/A,,#N/A,,#N/A,#N/A,,#N/A,,,,,,,,,,,,,,,,
,,#N/A,,#N/A,,#N/A,,#N/A,#N/A,,#N/A,,,,,,,,,,,,,,,,
,,#N/A,,#N/A,,#N/A,,#N/A,#N/A,,#N/A,,,,,,,,,,,,,,,,
,,#N/A,,#N/A,,#N/A,,#N/A,#N/A,,#N/A,,,,,,,,,,,,,,,,
,,#N/A,,#N/A,,#N/A,,#N/A,#N/A,,#N/A,,,,,,,,,,,,,,,,
,,#N/A,,#N/A,,#N/A,,#N/A,#N/A,,#N/A,,,,,,,,,,,,,,,,
,,#N/A,,#N/A,,#N/A,,#N/A,#N/A,,#N/A,,,,,,,,,,,,,,,,
,,#N/A,,#N/A,,#N/A,,#N/A,#N/A,,#N/A,,,,,,,,,,,,,,,,
,,#N/A,,#N/A,,#N/A,,#N/A,#N/A,,#N/A,,,,,,,,,,,,,,,,
,,#N/A,,#N/A,,#N/A,,#N/A,#N/A,,#N/A,,,,,,,,,,,,,,,,
,,#N/A,,#N/A,,#N/A,,#N/A,#N/A,,#N/A,,,,,,,,,,,,,,,,
,,#N/A,,#N/A,,#N/A,,#N/A,#N/A,,#N/A,,,,,,,,,,,,,,,,
,,#N/A,,#N/A,,#N/A,,#N/A,#N/A,,#N/A,,,,,,,,,,,,,,,,
,,#N/A,,#N/A,,#N/A,,#N/A,#N/A,,#N/A,,,,,,,,,,,,,,,,
,,#N/A,,#N/A,,#N/A,,#N/A,#N/A,,#N/A,,,,,,,,,,,,,,,,
,,#N/A,,#N/A,,#N/A,,#N/A,#N/A,,#N/A,,,,,,,,,,,,,,,,
,,#N/A,,#N/A,,#N/A,,#N/A,#N/A,,#N/A,,,,,,,,,,,,,,,,
,,#N/A,,#N/A,,#N/A,,#N/A,#N/A,,#N/A,,,,,,,,,,,,,,,,
,,#N/A,,#N/A,,#N/A,,#N/A,#N/A,,#N/A,,,,,,,,,,,,,,,,
,,#N/A,,#N/A,,#N/A,,#N/A,#N/A,,#N/A,,,,,,,,,,,,,,,,
,,#N/A,,#N/A,,#N/A,,#N/A,#N/A,,#N/A,,,,,,,,,,,,,,,,
,,#N/A,,#N/A,,#N/A,,#N/A,#N/A,,#N/A,,,,,,,,,,,,,,,,
,,#N/A,,#N/A,,#N/A,,#N/A,#N/A,,#N/A,,,,,,,,,,,,,,,,
,,#N/A,,#N/A,,#N/A,,#N/A,#N/A,,#N/A,,,,,,,,,,,,,,,,
,,#N/A,,#N/A,,#N/A,,#N/A,#N/A,,#N/A,,,,,,,,,,,,,,,,
,,#N/A,,#N/A,,#N/A,,#N/A,#N/A,,#N/A,,,,,,,,,,,,,,,,
,,#N/A,,#N/A,,#N/A,,#N/A,#N/A,,#N/A,,,,,,,,,,,,,,,,
,,#N/A,,#N/A,,#N/A,,#N/A,#N/A,,#N/A,,,,,,,,,,,,,,,,
,,#N/A,,#N/A,,#N/A,,#N/A,#N/A,,#N/A,,,,,,,,,,,,,,,,
,,#N/A,,#N/A,,#N/A,,#N/A,#N/A,,#N/A,,,,,,,,,,,,,,,,
,,#N/A,,#N/A,,#N/A,,#N/A,#N/A,,#N/A,,,,,,,,,,,,,,,,
,,#N/A,,#N/A,,#N/A,,#N/A,#N/A,,#N/A,,,,,,,,,,,,,,,,
,,#N/A,,#N/A,,#N/A,,#N/A,#N/A,,#N/A,,,,,,,,,,,,,,,,
,,#N/A,,#N/A,,#N/A,,#N/A,#N/A,,#N/A,,,,,,,,,,,,,,,,
,,#N/A,,#N/A,,#N/A,,#N/A,#N/A,,#N/A,,,,,,,,,,,,,,,,
,,#N/A,,#N/A,,#N/A,,#N/A,#N/A,,#N/A,,,,,,,,,,,,,,,,
,,#N/A,,#N/A,,#N/A,,#N/A,#N/A,,#N/A,,,,,,,,,,,,,,,,
,,#N/A,,#N/A,,#N/A,,#N/A,#N/A,,#N/A,,,,,,,,,,,,,,,,
,,#N/A,,#N/A,,#N/A,,#N/A,#N/A,,#N/A,,,,,,,,,,,,,,,,
,,#N/A,,#N/A,,#N/A,,#N/A,#N/A,,#N/A,,,,,,,,,,,,,,,,
,,#N/A,,#N/A,,#N/A,,#N/A,#N/A,,#N/A,,,,,,,,,,,,,,,,
,,#N/A,,#N/A,,#N/A,,#N/A,#N/A,,#N/A,,,,,,,,,,,,,,,,
,,#N/A,,#N/A,,#N/A,,#N/A,#N/A,,#N/A,,,,,,,,,,,,,,,,
,,#N/A,,#N/A,,#N/A,,#N/A,#N/A,,#N/A,,,,,,,,,,,,,,,,
,,#N/A,,#N/A,,#N/A,,#N/A,#N/A,,#N/A,,,,,,,,,,,,,,,,
,,#N/A,,#N/A,,#N/A,,#N/A,#N/A,,#N/A,,,,,,,,,,,,,,,,
,,#N/A,,#N/A,,#N/A,,#N/A,#N/A,,#N/A,,,,,,,,,,,,,,,,
,,#N/A,,#N/A,,#N/A,,#N/A,#N/A,,#N/A,,,,,,,,,,,,,,,,
,,#N/A,,#N/A,,#N/A,,#N/A,#N/A,,#N/A,,,,,,,,,,,,,,,,
,,#N/A,,#N/A,,#N/A,,#N/A,#N/A,,#N/A,,,,,,,,,,,,,,,,
,,#N/A,,#N/A,,#N/A,,#N/A,#N/A,,#N/A,,,,,,,,,,,,,,,,
,,#N/A,,#N/A,,#N/A,,#N/A,#N/A,,#N/A,,,,,,,,,,,,,,,,
,,#N/A,,#N/A,,#N/A,,#N/A,#N/A,,#N/A,,,,,,,,,,,,,,,,
,,#N/A,,#N/A,,#N/A,,#N/A,#N/A,,#N/A,,,,,,,,,,,,,,,,
,,#N/A,,#N/A,,#N/A,,#N/A,#N/A,,#N/A,,,,,,,,,,,,,,,,
,,#N/A,,#N/A,,#N/A,,#N/A,#N/A,,#N/A,,,,,,,,,,,,,,,,
,,#N/A,,#N/A,,#N/A,,#N/A,#N/A,,#N/A,,,,,,,,,,,,,,,,
,,#N/A,,#N/A,,#N/A,,#N/A,#N/A,,#N/A,,,,,,,,,,,,,,,,
,,#N/A,,#N/A,,#N/A,,#N/A,#N/A,,#N/A,,,,,,,,,,,,,,,,
,,#N/A,,#N/A,,#N/A,,#N/A,#N/A,,#N/A,,,,,,,,,,,,,,,,
,,#N/A,,#N/A,,#N/A,,#N/A,#N/A,,#N/A,,,,,,,,,,,,,,,,
,,#N/A,,#N/A,,#N/A,,#N/A,#N/A,,#N/A,,,,,,,,,,,,,,,,
,,#N/A,,#N/A,,#N/A,,#N/A,#N/A,,#N/A,,,,,,,,,,,,,,,,
,,#N/A,,#N/A,,#N/A,,#N/A,#N/A,,#N/A,,,,,,,,,,,,,,,,
,,#N/A,,#N/A,,#N/A,,#N/A,#N/A,,#N/A,,,,,,,,,,,,,,,,
,,#N/A,,#N/A,,#N/A,,#N/A,#N/A,,#N/A,,,,,,,,,,,,,,,,
,,#N/A,,#N/A,,#N/A,,#N/A,#N/A,,#N/A,,,,,,,,,,,,,,,,
,,#N/A,,#N/A,,#N/A,,#N/A,#N/A,,#N/A,,,,,,,,,,,,,,,,
,,#N/A,,#N/A,,#N/A,,#N/A,#N/A,,#N/A,,,,,,,,,,,,,,,,
,,#N/A,,#N/A,,#N/A,,#N/A,#N/A,,#N/A,,,,,,,,,,,,,,,,
,,#N/A,,#N/A,,#N/A,,#N/A,#N/A,,#N/A,,,,,,,,,,,,,,,,
,,#N/A,,#N/A,,#N/A,,#N/A,#N/A,,#N/A,,,,,,,,,,,,,,,,
,,#N/A,,#N/A,,#N/A,,#N/A,#N/A,,#N/A,,,,,,,,,,,,,,,,
,,#N/A,,#N/A,,#N/A,,#N/A,#N/A,,#N/A,,,,,,,,,,,,,,,,
,,#N/A,,#N/A,,#N/A,,#N/A,#N/A,,#N/A,,,,,,,,,,,,,,,,
,,#N/A,,#N/A,,#N/A,,#N/A,#N/A,,#N/A,,,,,,,,,,,,,,,,
,,#N/A,,#N/A,,#N/A,,#N/A,#N/A,,#N/A,,,,,,,,,,,,,,,,
,,#N/A,,#N/A,,#N/A,,#N/A,#N/A,,#N/A,,,,,,,,,,,,,,,,
,,#N/A,,#N/A,,#N/A,,#N/A,#N/A,,#N/A,,,,,,,,,,,,,,,,
,,#N/A,,#N/A,,#N/A,,#N/A,#N/A,,#N/A,,,,,,,,,,,,,,,,
,,#N/A,,#N/A,,#N/A,,#N/A,#N/A,,#N/A,,,,,,,,,,,,,,,,
,,#N/A,,#N/A,,#N/A,,#N/A,#N/A,,#N/A,,,,,,,,,,,,,,,,
,,#N/A,,#N/A,,#N/A,,#N/A,#N/A,,#N/A,,,,,,,,,,,,,,,,
,,#N/A,,#N/A,,#N/A,,#N/A,#N/A,,#N/A,,,,,,,,,,,,,,,,
,,#N/A,,#N/A,,#N/A,,#N/A,#N/A,,#N/A,,,,,,,,,,,,,,,,
,,#N/A,,#N/A,,#N/A,,#N/A,#N/A,,#N/A,,,,,,,,,,,,,,,,
,,#N/A,,#N/A,,#N/A,,#N/A,#N/A,,#N/A,,,,,,,,,,,,,,,,
,,#N/A,,#N/A,,#N/A,,#N/A,#N/A,,#N/A,,,,,,,,,,,,,,,,
,,#N/A,,#N/A,,#N/A,,#N/A,#N/A,,#N/A,,,,,,,,,,,,,,,,
,,#N/A,,#N/A,,#N/A,,#N/A,#N/A,,#N/A,,,,,,,,,,,,,,,,
,,#N/A,,#N/A,,#N/A,,#N/A,#N/A,,#N/A,,,,,,,,,,,,,,,,
,,#N/A,,#N/A,,#N/A,,#N/A,#N/A,,#N/A,,,,,,,,,,,,,,,,
,,#N/A,,#N/A,,#N/A,,#N/A,#N/A,,#N/A,,,,,,,,,,,,,,,,
,,#N/A,,#N/A,,#N/A,,#N/A,#N/A,,#N/A,,,,,,,,,,,,,,,,
,,#N/A,,#N/A,,#N/A,,#N/A,#N/A,,#N/A,,,,,,,,,,,,,,,,
,,#N/A,,#N/A,,#N/A,,#N/A,#N/A,,#N/A,,,,,,,,,,,,,,,,
,,#N/A,,#N/A,,#N/A,,#N/A,#N/A,,#N/A,,,,,,,,,,,,,,,,
,,#N/A,,#N/A,,#N/A,,#N/A,#N/A,,#N/A,,,,,,,,,,,,,,,,
,,#N/A,,#N/A,,#N/A,,#N/A,#N/A,,#N/A,,,,,,,,,,,,,,,,
,,#N/A,,#N/A,,#N/A,,#N/A,#N/A,,#N/A,,,,,,,,,,,,,,,,
,,#N/A,,#N/A,,#N/A,,#N/A,#N/A,,#N/A,,,,,,,,,,,,,,,,
,,#N/A,,#N/A,,#N/A,,#N/A,#N/A,,#N/A,,,,,,,,,,,,,,,,
,,#N/A,,#N/A,,#N/A,,#N/A,#N/A,,#N/A,,,,,,,,,,,,,,,,
,,#N/A,,#N/A,,#N/A,,#N/A,#N/A,,#N/A,,,,,,,,,,,,,,,,
,,#N/A,,#N/A,,#N/A,,#N/A,#N/A,,#N/A,,,,,,,,,,,,,,,,
,,#N/A,,#N/A,,#N/A,,#N/A,#N/A,,#N/A,,,,,,,,,,,,,,,,
,,#N/A,,#N/A,,#N/A,,#N/A,#N/A,,#N/A,,,,,,,,,,,,,,,,
,,#N/A,,#N/A,,#N/A,,#N/A,#N/A,,#N/A,,,,,,,,,,,,,,,,
,,#N/A,,#N/A,,#N/A,,#N/A,#N/A,,#N/A,,,,,,,,,,,,,,,,
,,#N/A,,#N/A,,#N/A,,#N/A,#N/A,,#N/A,,,,,,,,,,,,,,,,
,,#N/A,,#N/A,,#N/A,,#N/A,#N/A,,#N/A,,,,,,,,,,,,,,,,
,,#N/A,,#N/A,,#N/A,,#N/A,#N/A,,#N/A,,,,,,,,,,,,,,,,
,,#N/A,,#N/A,,#N/A,,#N/A,#N/A,,#N/A,,,,,,,,,,,,,,,,
,,#N/A,,#N/A,,#N/A,,#N/A,#N/A,,#N/A,,,,,,,,,,,,,,,,
,,#N/A,,#N/A,,#N/A,,#N/A,#N/A,,#N/A,,,,,,,,,,,,,,,,
,,#N/A,,#N/A,,#N/A,,#N/A,#N/A,,#N/A,,,,,,,,,,,,,,,,
,,#N/A,,#N/A,,#N/A,,#N/A,#N/A,,#N/A,,,,,,,,,,,,,,,,
,,#N/A,,#N/A,,#N/A,,#N/A,#N/A,,#N/A,,,,,,,,,,,,,,,,
,,#N/A,,#N/A,,#N/A,,#N/A,#N/A,,#N/A,,,,,,,,,,,,,,,,
,,#N/A,,#N/A,,#N/A,,#N/A,#N/A,,#N/A,,,,,,,,,,,,,,,,
,,#N/A,,#N/A,,#N/A,,#N/A,#N/A,,#N/A,,,,,,,,,,,,,,,,
,,#N/A,,#N/A,,#N/A,,#N/A,#N/A,,#N/A,,,,,,,,,,,,,,,,
,,#N/A,,#N/A,,#N/A,,#N/A,#N/A,,#N/A,,,,,,,,,,,,,,,,
,,#N/A,,#N/A,,#N/A,,#N/A,#N/A,,#N/A,,,,,,,,,,,,,,,,
,,#N/A,,#N/A,,#N/A,,#N/A,#N/A,,#N/A,,,,,,,,,,,,,,,,
,,#N/A,,#N/A,,#N/A,,#N/A,#N/A,,#N/A,,,,,,,,,,,,,,,,
,,#N/A,,#N/A,,#N/A,,#N/A,#N/A,,#N/A,,,,,,,,,,,,,,,,
,,#N/A,,#N/A,,#N/A,,#N/A,#N/A,,#N/A,,,,,,,,,,,,,,,,
,,#N/A,,#N/A,,#N/A,,#N/A,#N/A,,#N/A,,,,,,,,,,,,,,,,
,,#N/A,,#N/A,,#N/A,,#N/A,#N/A,,#N/A,,,,,,,,,,,,,,,,
,,#N/A,,#N/A,,#N/A,,#N/A,#N/A,,#N/A,,,,,,,,,,,,,,,,
,,#N/A,,#N/A,,#N/A,,#N/A,#N/A,,#N/A,,,,,,,,,,,,,,,,
,,#N/A,,#N/A,,#N/A,,#N/A,#N/A,,#N/A,,,,,,,,,,,,,,,,
,,#N/A,,#N/A,,#N/A,,#N/A,#N/A,,#N/A,,,,,,,,,,,,,,,,
,,#N/A,,#N/A,,#N/A,,#N/A,#N/A,,#N/A,,,,,,,,,,,,,,,,
,,#N/A,,#N/A,,#N/A,,#N/A,#N/A,,#N/A,,,,,,,,,,,,,,,,
,,#N/A,,#N/A,,#N/A,,#N/A,#N/A,,#N/A,,,,,,,,,,,,,,,,
,,#N/A,,#N/A,,#N/A,,#N/A,#N/A,,#N/A,,,,,,,,,,,,,,,,
,,#N/A,,#N/A,,#N/A,,#N/A,#N/A,,#N/A,,,,,,,,,,,,,,,,
,,#N/A,,#N/A,,#N/A,,#N/A,#N/A,,#N/A,,,,,,,,,,,,,,,,
,,#N/A,,#N/A,,#N/A,,#N/A,#N/A,,#N/A,,,,,,,,,,,,,,,,
,,#N/A,,#N/A,,#N/A,,#N/A,#N/A,,#N/A,,,,,,,,,,,,,,,,
,,#N/A,,#N/A,,#N/A,,#N/A,#N/A,,#N/A,,,,,,,,,,,,,,,,
,,#N/A,,#N/A,,#N/A,,#N/A,#N/A,,#N/A,,,,,,,,,,,,,,,,
,,#N/A,,#N/A,,#N/A,,#N/A,#N/A,,#N/A,,,,,,,,,,,,,,,,
,,#N/A,,#N/A,,#N/A,,#N/A,#N/A,,#N/A,,,,,,,,,,,,,,,,
,,#N/A,,#N/A,,#N/A,,#N/A,#N/A,,#N/A,,,,,,,,,,,,,,,,
,,#N/A,,#N/A,,#N/A,,#N/A,#N/A,,#N/A,,,,,,,,,,,,,,,,
,,#N/A,,#N/A,,#N/A,,#N/A,#N/A,,#N/A,,,,,,,,,,,,,,,,
,,#N/A,,#N/A,,#N/A,,#N/A,#N/A,,#N/A,,,,,,,,,,,,,,,,
,,#N/A,,#N/A,,#N/A,,#N/A,#N/A,,#N/A,,,,,,,,,,,,,,,,
,,#N/A,,#N/A,,#N/A,,#N/A,#N/A,,#N/A,,,,,,,,,,,,,,,,
,,#N/A,,#N/A,,#N/A,,#N/A,#N/A,,#N/A,,,,,,,,,,,,,,,,
,,#N/A,,#N/A,,#N/A,,#N/A,#N/A,,#N/A,,,,,,,,,,,,,,,,
,,#N/A,,#N/A,,#N/A,,#N/A,#N/A,,#N/A,,,,,,,,,,,,,,,,
,,#N/A,,#N/A,,#N/A,,#N/A,#N/A,,#N/A,,,,,,,,,,,,,,,,
,,#N/A,,#N/A,,#N/A,,#N/A,#N/A,,#N/A,,,,,,,,,,,,,,,,
,,#N/A,,#N/A,,#N/A,,#N/A,#N/A,,#N/A,,,,,,,,,,,,,,,,
,,#N/A,,#N/A,,#N/A,,#N/A,#N/A,,#N/A,,,,,,,,,,,,,,,,
,,#N/A,,#N/A,,#N/A,,#N/A,#N/A,,#N/A,,,,,,,,,,,,,,,,
,,#N/A,,#N/A,,#N/A,,#N/A,#N/A,,#N/A,,,,,,,,,,,,,,,,
,,#N/A,,#N/A,,#N/A,,#N/A,#N/A,,#N/A,,,,,,,,,,,,,,,,
,,#N/A,,#N/A,,#N/A,,#N/A,#N/A,,#N/A,,,,,,,,,,,,,,,,
,,#N/A,,#N/A,,#N/A,,#N/A,#N/A,,#N/A,,,,,,,,,,,,,,,,
,,#N/A,,#N/A,,#N/A,,#N/A,#N/A,,#N/A,,,,,,,,,,,,,,,,
,,#N/A,,#N/A,,#N/A,,#N/A,#N/A,,#N/A,,,,,,,,,,,,,,,,
,,#N/A,,#N/A,,#N/A,,#N/A,#N/A,,#N/A,,,,,,,,,,,,,,,,
,,#N/A,,#N/A,,#N/A,,#N/A,#N/A,,#N/A,,,,,,,,,,,,,,,,
,,#N/A,,#N/A,,#N/A,,#N/A,#N/A,,#N/A,,,,,,,,,,,,,,,,
,,#N/A,,#N/A,,#N/A,,#N/A,#N/A,,#N/A,,,,,,,,,,,,,,,,
,,#N/A,,#N/A,,#N/A,,#N/A,#N/A,,#N/A,,,,,,,,,,,,,,,,
,,#N/A,,#N/A,,#N/A,,#N/A,#N/A,,#N/A,,,,,,,,,,,,,,,,
,,#N/A,,#N/A,,#N/A,,#N/A,#N/A,,#N/A,,,,,,,,,,,,,,,,
,,#N/A,,#N/A,,#N/A,,#N/A,#N/A,,#N/A,,,,,,,,,,,,,,,,
,,#N/A,,#N/A,,#N/A,,#N/A,#N/A,,#N/A,,,,,,,,,,,,,,,,
,,#N/A,,#N/A,,#N/A,,#N/A,#N/A,,#N/A,,,,,,,,,,,,,,,,
,,#N/A,,#N/A,,#N/A,,#N/A,#N/A,,#N/A,,,,,,,,,,,,,,,,
,,#N/A,,#N/A,,#N/A,,#N/A,#N/A,,#N/A,,,,,,,,,,,,,,,,
,,#N/A,,#N/A,,#N/A,,#N/A,#N/A,,#N/A,,,,,,,,,,,,,,,,
,,#N/A,,#N/A,,#N/A,,#N/A,#N/A,,#N/A,,,,,,,,,,,,,,,,
,,#N/A,,#N/A,,#N/A,,#N/A,#N/A,,#N/A,,,,,,,,,,,,,,,,
,,#N/A,,#N/A,,#N/A,,#N/A,#N/A,,#N/A,,,,,,,,,,,,,,,,
,,#N/A,,#N/A,,#N/A,,#N/A,#N/A,,#N/A,,,,,,,,,,,,,,,,
,,#N/A,,#N/A,,#N/A,,#N/A,#N/A,,#N/A,,,,,,,,,,,,,,,,
,,#N/A,,#N/A,,#N/A,,#N/A,#N/A,,#N/A,,,,,,,,,,,,,,,,
,,#N/A,,#N/A,,#N/A,,#N/A,#N/A,,#N/A,,,,,,,,,,,,,,,,
,,#N/A,,#N/A,,#N/A,,#N/A,#N/A,,#N/A,,,,,,,,,,,,,,,,
,,#N/A,,#N/A,,#N/A,,#N/A,#N/A,,#N/A,,,,,,,,,,,,,,,,
,,#N/A,,#N/A,,#N/A,,#N/A,#N/A,,#N/A,,,,,,,,,,,,,,,,
,,#N/A,,#N/A,,#N/A,,#N/A,#N/A,,#N/A,,,,,,,,,,,,,,,,
,,#N/A,,#N/A,,#N/A,,#N/A,#N/A,,#N/A,,,,,,,,,,,,,,,,
,,#N/A,,#N/A,,#N/A,,#N/A,#N/A,,#N/A,,,,,,,,,,,,,,,,
,,#N/A,,#N/A,,#N/A,,#N/A,#N/A,,#N/A,,,,,,,,,,,,,,,,
,,#N/A,,#N/A,,#N/A,,#N/A,#N/A,,#N/A,,,,,,,,,,,,,,,,
,,#N/A,,#N/A,,#N/A,,#N/A,#N/A,,#N/A,,,,,,,,,,,,,,,,
,,#N/A,,#N/A,,#N/A,,#N/A,#N/A,,#N/A,,,,,,,,,,,,,,,,
,,#N/A,,#N/A,,#N/A,,#N/A,#N/A,,#N/A,,,,,,,,,,,,,,,,
,,#N/A,,#N/A,,#N/A,,#N/A,#N/A,,#N/A,,,,,,,,,,,,,,,,
,,#N/A,,#N/A,,#N/A,,#N/A,#N/A,,#N/A,,,,,,,,,,,,,,,,
,,#N/A,,#N/A,,#N/A,,#N/A,#N/A,,#N/A,,,,,,,,,,,,,,,,
,,#N/A,,#N/A,,#N/A,,#N/A,#N/A,,#N/A,,,,,,,,,,,,,,,,
,,#N/A,,#N/A,,#N/A,,#N/A,#N/A,,#N/A,,,,,,,,,,,,,,,,
,,#N/A,,#N/A,,#N/A,,#N/A,#N/A,,#N/A,,,,,,,,,,,,,,,,
,,#N/A,,#N/A,,#N/A,,#N/A,#N/A,,#N/A,,,,,,,,,,,,,,,,
,,#N/A,,#N/A,,#N/A,,#N/A,#N/A,,#N/A,,,,,,,,,,,,,,,,
,,#N/A,,#N/A,,#N/A,,#N/A,#N/A,,#N/A,,,,,,,,,,,,,,,,
,,#N/A,,#N/A,,#N/A,,#N/A,#N/A,,#N/A,,,,,,,,,,,,,,,,
,,#N/A,,#N/A,,#N/A,,#N/A,#N/A,,#N/A,,,,,,,,,,,,,,,,
,,#N/A,,#N/A,,#N/A,,#N/A,#N/A,,#N/A,,,,,,,,,,,,,,,,
,,#N/A,,#N/A,,#N/A,,#N/A,#N/A,,#N/A,,,,,,,,,,,,,,,,
,,#N/A,,#N/A,,#N/A,,#N/A,#N/A,,#N/A,,,,,,,,,,,,,,,,
,,#N/A,,#N/A,,#N/A,,#N/A,#N/A,,#N/A,,,,,,,,,,,,,,,,
,,#N/A,,#N/A,,#N/A,,#N/A,#N/A,,#N/A,,,,,,,,,,,,,,,,
,,#N/A,,#N/A,,#N/A,,#N/A,#N/A,,#N/A,,,,,,,,,,,,,,,,
,,#N/A,,#N/A,,#N/A,,#N/A,#N/A,,#N/A,,,,,,,,,,,,,,,,
,,#N/A,,#N/A,,#N/A,,#N/A,#N/A,,#N/A,,,,,,,,,,,,,,,,
,,#N/A,,#N/A,,#N/A,,#N/A,#N/A,,#N/A,,,,,,,,,,,,,,,,
,,#N/A,,#N/A,,#N/A,,#N/A,#N/A,,#N/A,,,,,,,,,,,,,,,,
,,#N/A,,#N/A,,#N/A,,#N/A,#N/A,,#N/A,,,,,,,,,,,,,,,,
,,#N/A,,#N/A,,#N/A,,#N/A,#N/A,,#N/A,,,,,,,,,,,,,,,,
,,#N/A,,#N/A,,#N/A,,#N/A,#N/A,,#N/A,,,,,,,,,,,,,,,,
,,#N/A,,#N/A,,#N/A,,#N/A,#N/A,,#N/A,,,,,,,,,,,,,,,,
,,#N/A,,#N/A,,#N/A,,#N/A,#N/A,,#N/A,,,,,,,,,,,,,,,,
,,#N/A,,#N/A,,#N/A,,#N/A,#N/A,,#N/A,,,,,,,,,,,,,,,,
,,#N/A,,#N/A,,#N/A,,#N/A,#N/A,,#N/A,,,,,,,,,,,,,,,,
,,#N/A,,#N/A,,#N/A,,#N/A,#N/A,,#N/A,,,,,,,,,,,,,,,,
,,#N/A,,#N/A,,#N/A,,#N/A,#N/A,,#N/A,,,,,,,,,,,,,,,,
,,#N/A,,#N/A,,#N/A,,#N/A,#N/A,,#N/A,,,,,,,,,,,,,,,,
,,#N/A,,#N/A,,#N/A,,#N/A,#N/A,,#N/A,,,,,,,,,,,,,,,,
,,#N/A,,#N/A,,#N/A,,#N/A,#N/A,,#N/A,,,,,,,,,,,,,,,,
,,#N/A,,#N/A,,#N/A,,#N/A,#N/A,,#N/A,,,,,,,,,,,,,,,,
,,#N/A,,#N/A,,#N/A,,#N/A,#N/A,,#N/A,,,,,,,,,,,,,,,,
,,#N/A,,#N/A,,#N/A,,#N/A,#N/A,,#N/A,,,,,,,,,,,,,,,,
,,#N/A,,#N/A,,#N/A,,#N/A,#N/A,,#N/A,,,,,,,,,,,,,,,,
,,#N/A,,#N/A,,#N/A,,#N/A,#N/A,,#N/A,,,,,,,,,,,,,,,,
,,#N/A,,#N/A,,#N/A,,#N/A,#N/A,,#N/A,,,,,,,,,,,,,,,,
,,#N/A,,#N/A,,#N/A,,#N/A,#N/A,,#N/A,,,,,,,,,,,,,,,,
,,#N/A,,#N/A,,#N/A,,#N/A,#N/A,,#N/A,,,,,,,,,,,,,,,,
,,#N/A,,#N/A,,#N/A,,#N/A,#N/A,,#N/A,,,,,,,,,,,,,,,,
,,#N/A,,#N/A,,#N/A,,#N/A,#N/A,,#N/A,,,,,,,,,,,,,,,,
,,#N/A,,#N/A,,#N/A,,#N/A,#N/A,,#N/A,,,,,,,,,,,,,,,,
,,#N/A,,#N/A,,#N/A,,#N/A,#N/A,,#N/A,,,,,,,,,,,,,,,,
,,#N/A,,#N/A,,#N/A,,#N/A,#N/A,,#N/A,,,,,,,,,,,,,,,,
,,#N/A,,#N/A,,#N/A,,#N/A,#N/A,,#N/A,,,,,,,,,,,,,,,,
,,#N/A,,#N/A,,#N/A,,#N/A,#N/A,,#N/A,,,,,,,,,,,,,,,,
,,#N/A,,#N/A,,#N/A,,#N/A,#N/A,,#N/A,,,,,,,,,,,,,,,,
,,#N/A,,#N/A,,#N/A,,#N/A,#N/A,,#N/A,,,,,,,,,,,,,,,,
,,#N/A,,#N/A,,#N/A,,#N/A,#N/A,,#N/A,,,,,,,,,,,,,,,,
,,#N/A,,#N/A,,#N/A,,#N/A,#N/A,,#N/A,,,,,,,,,,,,,,,,
,,#N/A,,#N/A,,#N/A,,#N/A,#N/A,,#N/A,,,,,,,,,,,,,,,,
,,#N/A,,#N/A,,#N/A,,#N/A,#N/A,,#N/A,,,,,,,,,,,,,,,,
,,#N/A,,#N/A,,#N/A,,#N/A,#N/A,,#N/A,,,,,,,,,,,,,,,,
,,#N/A,,#N/A,,#N/A,,#N/A,#N/A,,#N/A,,,,,,,,,,,,,,,,
,,#N/A,,#N/A,,#N/A,,#N/A,#N/A,,#N/A,,,,,,,,,,,,,,,,
,,#N/A,,#N/A,,#N/A,,#N/A,#N/A,,#N/A,,,,,,,,,,,,,,,,
,,#N/A,,#N/A,,#N/A,,#N/A,#N/A,,#N/A,,,,,,,,,,,,,,,,
,,#N/A,,#N/A,,#N/A,,#N/A,#N/A,,#N/A,,,,,,,,,,,,,,,,
,,#N/A,,#N/A,,#N/A,,#N/A,#N/A,,#N/A,,,,,,,,,,,,,,,,
,,#N/A,,#N/A,,#N/A,,#N/A,#N/A,,#N/A,,,,,,,,,,,,,,,,
,,#N/A,,#N/A,,#N/A,,#N/A,#N/A,,#N/A,,,,,,,,,,,,,,,,
,,#N/A,,#N/A,,#N/A,,#N/A,#N/A,,#N/A,,,,,,,,,,,,,,,,
,,#N/A,,#N/A,,#N/A,,#N/A,#N/A,,#N/A,,,,,,,,,,,,,,,,
,,#N/A,,#N/A,,#N/A,,#N/A,#N/A,,#N/A,,,,,,,,,,,,,,,,
,,#N/A,,#N/A,,#N/A,,#N/A,#N/A,,#N/A,,,,,,,,,,,,,,,,
,,#N/A,,#N/A,,#N/A,,#N/A,#N/A,,#N/A,,,,,,,,,,,,,,,,
,,#N/A,,#N/A,,#N/A,,#N/A,#N/A,,#N/A,,,,,,,,,,,,,,,,
,,#N/A,,#N/A,,#N/A,,#N/A,#N/A,,#N/A,,,,,,,,,,,,,,,,
,,#N/A,,#N/A,,#N/A,,#N/A,#N/A,,#N/A,,,,,,,,,,,,,,,,
,,#N/A,,#N/A,,#N/A,,#N/A,#N/A,,#N/A,,,,,,,,,,,,,,,,
,,#N/A,,#N/A,,#N/A,,#N/A,#N/A,,#N/A,,,,,,,,,,,,,,,,
,,#N/A,,#N/A,,#N/A,,#N/A,#N/A,,#N/A,,,,,,,,,,,,,,,,
,,#N/A,,#N/A,,#N/A,,#N/A,#N/A,,#N/A,,,,,,,,,,,,,,,,
,,#N/A,,#N/A,,#N/A,,#N/A,#N/A,,#N/A,,,,,,,,,,,,,,,,
,,#N/A,,#N/A,,#N/A,,#N/A,#N/A,,#N/A,,,,,,,,,,,,,,,,
,,#N/A,,#N/A,,#N/A,,#N/A,#N/A,,#N/A,,,,,,,,,,,,,,,,
,,#N/A,,#N/A,,#N/A,,#N/A,#N/A,,#N/A,,,,,,,,,,,,,,,,
,,#N/A,,#N/A,,#N/A,,#N/A,#N/A,,#N/A,,,,,,,,,,,,,,,,
,,#N/A,,#N/A,,#N/A,,#N/A,#N/A,,#N/A,,,,,,,,,,,,,,,,
,,#N/A,,#N/A,,#N/A,,#N/A,#N/A,,#N/A,,,,,,,,,,,,,,,,
,,#N/A,,#N/A,,#N/A,,#N/A,#N/A,,#N/A,,,,,,,,,,,,,,,,
,,#N/A,,#N/A,,#N/A,,#N/A,#N/A,,#N/A,,,,,,,,,,,,,,,,
,,#N/A,,#N/A,,#N/A,,#N/A,#N/A,,#N/A,,,,,,,,,,,,,,,,
,,#N/A,,#N/A,,#N/A,,#N/A,#N/A,,#N/A,,,,,,,,,,,,,,,,
,,#N/A,,#N/A,,#N/A,,#N/A,#N/A,,#N/A,,,,,,,,,,,,,,,,
,,#N/A,,#N/A,,#N/A,,#N/A,#N/A,,#N/A,,,,,,,,,,,,,,,,
,,#N/A,,#N/A,,#N/A,,#N/A,#N/A,,#N/A,,,,,,,,,,,,,,,,
,,#N/A,,#N/A,,#N/A,,#N/A,#N/A,,#N/A,,,,,,,,,,,,,,,,
,,#N/A,,#N/A,,#N/A,,#N/A,#N/A,,#N/A,,,,,,,,,,,,,,,,
,,#N/A,,#N/A,,#N/A,,#N/A,#N/A,,#N/A,,,,,,,,,,,,,,,,
,,#N/A,,#N/A,,#N/A,,#N/A,#N/A,,#N/A,,,,,,,,,,,,,,,,
,,#N/A,,#N/A,,#N/A,,#N/A,#N/A,,#N/A,,,,,,,,,,,,,,,,
,,#N/A,,#N/A,,#N/A,,#N/A,#N/A,,#N/A,,,,,,,,,,,,,,,,
,,#N/A,,#N/A,,#N/A,,#N/A,#N/A,,#N/A,,,,,,,,,,,,,,,,
,,#N/A,,#N/A,,#N/A,,#N/A,#N/A,,#N/A,,,,,,,,,,,,,,,,
,,#N/A,,#N/A,,#N/A,,#N/A,#N/A,,#N/A,,,,,,,,,,,,,,,,
,,#N/A,,#N/A,,#N/A,,#N/A,#N/A,,#N/A,,,,,,,,,,,,,,,,
,,#N/A,,#N/A,,#N/A,,#N/A,#N/A,,#N/A,,,,,,,,,,,,,,,,
,,#N/A,,#N/A,,#N/A,,#N/A,#N/A,,#N/A,,,,,,,,,,,,,,,,
,,#N/A,,#N/A,,#N/A,,#N/A,#N/A,,#N/A,,,,,,,,,,,,,,,,
,,#N/A,,#N/A,,#N/A,,#N/A,#N/A,,#N/A,,,,,,,,,,,,,,,,
,,#N/A,,#N/A,,#N/A,,#N/A,#N/A,,#N/A,,,,,,,,,,,,,,,,
,,#N/A,,#N/A,,#N/A,,#N/A,#N/A,,#N/A,,,,,,,,,,,,,,,,
,,#N/A,,#N/A,,#N/A,,#N/A,#N/A,,#N/A,,,,,,,,,,,,,,,,
,,#N/A,,#N/A,,#N/A,,#N/A,#N/A,,#N/A,,,,,,,,,,,,,,,,
,,#N/A,,#N/A,,#N/A,,#N/A,#N/A,,#N/A,,,,,,,,,,,,,,,,
,,#N/A,,#N/A,,#N/A,,#N/A,#N/A,,#N/A,,,,,,,,,,,,,,,,
,,#N/A,,#N/A,,#N/A,,#N/A,#N/A,,#N/A,,,,,,,,,,,,,,,,
,,#N/A,,#N/A,,#N/A,,#N/A,#N/A,,#N/A,,,,,,,,,,,,,,,,
,,#N/A,,#N/A,,#N/A,,#N/A,#N/A,,#N/A,,,,,,,,,,,,,,,,
,,#N/A,,#N/A,,#N/A,,#N/A,#N/A,,#N/A,,,,,,,,,,,,,,,,
,,#N/A,,#N/A,,#N/A,,#N/A,#N/A,,#N/A,,,,,,,,,,,,,,,,
,,#N/A,,#N/A,,#N/A,,#N/A,#N/A,,#N/A,,,,,,,,,,,,,,,,
,,#N/A,,#N/A,,#N/A,,#N/A,#N/A,,#N/A,,,,,,,,,,,,,,,,
,,#N/A,,#N/A,,#N/A,,#N/A,#N/A,,#N/A,,,,,,,,,,,,,,,,
,,#N/A,,#N/A,,#N/A,,#N/A,#N/A,,#N/A,,,,,,,,,,,,,,,,
,,#N/A,,#N/A,,#N/A,,#N/A,#N/A,,#N/A,,,,,,,,,,,,,,,,
,,#N/A,,#N/A,,#N/A,,#N/A,#N/A,,#N/A,,,,,,,,,,,,,,,,
,,#N/A,,#N/A,,#N/A,,#N/A,#N/A,,#N/A,,,,,,,,,,,,,,,,
,,#N/A,,#N/A,,#N/A,,#N/A,#N/A,,#N/A,,,,,,,,,,,,,,,,
,,#N/A,,#N/A,,#N/A,,#N/A,#N/A,,#N/A,,,,,,,,,,,,,,,,
,,#N/A,,#N/A,,#N/A,,#N/A,#N/A,,#N/A,,,,,,,,,,,,,,,,
,,#N/A,,#N/A,,#N/A,,#N/A,#N/A,,#N/A,,,,,,,,,,,,,,,,
,,#N/A,,#N/A,,#N/A,,#N/A,#N/A,,#N/A,,,,,,,,,,,,,,,,
,,#N/A,,#N/A,,#N/A,,#N/A,#N/A,,#N/A,,,,,,,,,,,,,,,,
,,#N/A,,#N/A,,#N/A,,#N/A,#N/A,,#N/A,,,,,,,,,,,,,,,,
,,#N/A,,#N/A,,#N/A,,#N/A,#N/A,,#N/A,,,,,,,,,,,,,,,,
,,#N/A,,#N/A,,#N/A,,#N/A,#N/A,,#N/A,,,,,,,,,,,,,,,,
,,#N/A,,#N/A,,#N/A,,#N/A,#N/A,,#N/A,,,,,,,,,,,,,,,,
,,#N/A,,#N/A,,#N/A,,#N/A,#N/A,,#N/A,,,,,,,,,,,,,,,,
,,#N/A,,#N/A,,#N/A,,#N/A,#N/A,,#N/A,,,,,,,,,,,,,,,,
,,#N/A,,#N/A,,#N/A,,#N/A,#N/A,,#N/A,,,,,,,,,,,,,,,,
,,#N/A,,#N/A,,#N/A,,#N/A,#N/A,,#N/A,,,,,,,,,,,,,,,,
,,#N/A,,#N/A,,#N/A,,#N/A,#N/A,,#N/A,,,,,,,,,,,,,,,,
,,#N/A,,#N/A,,#N/A,,#N/A,#N/A,,#N/A,,,,,,,,,,,,,,,,
,,#N/A,,#N/A,,#N/A,,#N/A,#N/A,,#N/A,,,,,,,,,,,,,,,,
,,#N/A,,#N/A,,#N/A,,#N/A,#N/A,,#N/A,,,,,,,,,,,,,,,,
,,#N/A,,#N/A,,#N/A,,#N/A,#N/A,,#N/A,,,,,,,,,,,,,,,,
,,#N/A,,#N/A,,#N/A,,#N/A,#N/A,,#N/A,,,,,,,,,,,,,,,,
,,#N/A,,#N/A,,#N/A,,#N/A,#N/A,,#N/A,,,,,,,,,,,,,,,,
,,#N/A,,#N/A,,#N/A,,#N/A,#N/A,,#N/A,,,,,,,,,,,,,,,,
,,#N/A,,#N/A,,#N/A,,#N/A,#N/A,,#N/A,,,,,,,,,,,,,,,,
,,#N/A,,#N/A,,#N/A,,#N/A,#N/A,,#N/A,,,,,,,,,,,,,,,,
,,#N/A,,#N/A,,#N/A,,#N/A,#N/A,,#N/A,,,,,,,,,,,,,,,,
,,#N/A,,#N/A,,#N/A,,#N/A,#N/A,,#N/A,,,,,,,,,,,,,,,,
,,#N/A,,#N/A,,#N/A,,#N/A,#N/A,,#N/A,,,,,,,,,,,,,,,,
,,#N/A,,#N/A,,#N/A,,#N/A,#N/A,,#N/A,,,,,,,,,,,,,,,,
,,#N/A,,#N/A,,#N/A,,#N/A,#N/A,,#N/A,,,,,,,,,,,,,,,,
,,#N/A,,#N/A,,#N/A,,#N/A,#N/A,,#N/A,,,,,,,,,,,,,,,,
,,#N/A,,#N/A,,#N/A,,#N/A,#N/A,,#N/A,,,,,,,,,,,,,,,,
,,#N/A,,#N/A,,#N/A,,#N/A,#N/A,,#N/A,,,,,,,,,,,,,,,,
,,#N/A,,#N/A,,#N/A,,#N/A,#N/A,,#N/A,,,,,,,,,,,,,,,,
,,#N/A,,#N/A,,#N/A,,#N/A,#N/A,,#N/A,,,,,,,,,,,,,,,,
,,#N/A,,#N/A,,#N/A,,#N/A,#N/A,,#N/A,,,,,,,,,,,,,,,,
,,#N/A,,#N/A,,#N/A,,#N/A,#N/A,,#N/A,,,,,,,,,,,,,,,,
,,#N/A,,#N/A,,#N/A,,#N/A,#N/A,,#N/A,,,,,,,,,,,,,,,,
,,#N/A,,#N/A,,#N/A,,#N/A,#N/A,,#N/A,,,,,,,,,,,,,,,,
,,#N/A,,#N/A,,#N/A,,#N/A,#N/A,,#N/A,,,,,,,,,,,,,,,,
,,#N/A,,#N/A,,#N/A,,#N/A,#N/A,,#N/A,,,,,,,,,,,,,,,,
,,#N/A,,#N/A,,#N/A,,#N/A,#N/A,,#N/A,,,,,,,,,,,,,,,,
,,#N/A,,#N/A,,#N/A,,#N/A,#N/A,,#N/A,,,,,,,,,,,,,,,,
,,#N/A,,#N/A,,#N/A,,#N/A,#N/A,,#N/A,,,,,,,,,,,,,,,,
,,#N/A,,#N/A,,#N/A,,#N/A,#N/A,,#N/A,,,,,,,,,,,,,,,,
,,#N/A,,#N/A,,#N/A,,#N/A,#N/A,,#N/A,,,,,,,,,,,,,,,,
,,#N/A,,#N/A,,#N/A,,#N/A,#N/A,,#N/A,,,,,,,,,,,,,,,,
,,#N/A,,#N/A,,#N/A,,#N/A,#N/A,,#N/A,,,,,,,,,,,,,,,,
,,#N/A,,#N/A,,#N/A,,#N/A,#N/A,,#N/A,,,,,,,,,,,,,,,,
,,#N/A,,#N/A,,#N/A,,#N/A,#N/A,,#N/A,,,,,,,,,,,,,,,,
,,#N/A,,#N/A,,#N/A,,#N/A,#N/A,,#N/A,,,,,,,,,,,,,,,,
,,#N/A,,#N/A,,#N/A,,#N/A,#N/A,,#N/A,,,,,,,,,,,,,,,,
,,#N/A,,#N/A,,#N/A,,#N/A,#N/A,,#N/A,,,,,,,,,,,,,,,,
,,#N/A,,#N/A,,#N/A,,#N/A,#N/A,,#N/A,,,,,,,,,,,,,,,,
,,#N/A,,#N/A,,#N/A,,#N/A,#N/A,,#N/A,,,,,,,,,,,,,,,,
,,#N/A,,#N/A,,#N/A,,#N/A,#N/A,,#N/A,,,,,,,,,,,,,,,,
,,#N/A,,#N/A,,#N/A,,#N/A,#N/A,,#N/A,,,,,,,,,,,,,,,,
,,#N/A,,#N/A,,#N/A,,#N/A,#N/A,,#N/A,,,,,,,,,,,,,,,,
,,#N/A,,#N/A,,#N/A,,#N/A,#N/A,,#N/A,,,,,,,,,,,,,,,,
,,#N/A,,#N/A,,#N/A,,#N/A,#N/A,,#N/A,,,,,,,,,,,,,,,,
,,#N/A,,#N/A,,#N/A,,#N/A,#N/A,,#N/A,,,,,,,,,,,,,,,,
,,#N/A,,#N/A,,#N/A,,#N/A,#N/A,,#N/A,,,,,,,,,,,,,,,,
,,#N/A,,#N/A,,#N/A,,#N/A,#N/A,,#N/A,,,,,,,,,,,,,,,,
,,#N/A,,#N/A,,#N/A,,#N/A,#N/A,,#N/A,,,,,,,,,,,,,,,,
,,#N/A,,#N/A,,#N/A,,#N/A,#N/A,,#N/A,,,,,,,,,,,,,,,,
,,#N/A,,#N/A,,#N/A,,#N/A,#N/A,,#N/A,,,,,,,,,,,,,,,,
,,#N/A,,#N/A,,#N/A,,#N/A,#N/A,,#N/A,,,,,,,,,,,,,,,,
,,#N/A,,#N/A,,#N/A,,#N/A,#N/A,,#N/A,,,,,,,,,,,,,,,,
,,#N/A,,#N/A,,#N/A,,#N/A,#N/A,,#N/A,,,,,,,,,,,,,,,,
,,#N/A,,#N/A,,#N/A,,#N/A,#N/A,,#N/A,,,,,,,,,,,,,,,,
,,#N/A,,#N/A,,#N/A,,#N/A,#N/A,,#N/A,,,,,,,,,,,,,,,,
,,#N/A,,#N/A,,#N/A,,#N/A,#N/A,,#N/A,,,,,,,,,,,,,,,,
,,#N/A,,#N/A,,#N/A,,#N/A,#N/A,,#N/A,,,,,,,,,,,,,,,,
,,#N/A,,#N/A,,#N/A,,#N/A,#N/A,,#N/A,,,,,,,,,,,,,,,,
,,#N/A,,#N/A,,#N/A,,#N/A,#N/A,,#N/A,,,,,,,,,,,,,,,,
,,#N/A,,#N/A,,#N/A,,#N/A,#N/A,,#N/A,,,,,,,,,,,,,,,,
,,#N/A,,#N/A,,#N/A,,#N/A,#N/A,,#N/A,,,,,,,,,,,,,,,,
,,#N/A,,#N/A,,#N/A,,#N/A,#N/A,,#N/A,,,,,,,,,,,,,,,,
,,#N/A,,#N/A,,#N/A,,#N/A,#N/A,,#N/A,,,,,,,,,,,,,,,,
,,#N/A,,#N/A,,#N/A,,#N/A,#N/A,,#N/A,,,,,,,,,,,,,,,,
,,#N/A,,#N/A,,#N/A,,#N/A,#N/A,,#N/A,,,,,,,,,,,,,,,,
,,#N/A,,#N/A,,#N/A,,#N/A,#N/A,,#N/A,,,,,,,,,,,,,,,,
,,#N/A,,#N/A,,#N/A,,#N/A,#N/A,,#N/A,,,,,,,,,,,,,,,,
,,#N/A,,#N/A,,#N/A,,#N/A,#N/A,,#N/A,,,,,,,,,,,,,,,,
,,#N/A,,#N/A,,#N/A,,#N/A,#N/A,,#N/A,,,,,,,,,,,,,,,,
,,#N/A,,#N/A,,#N/A,,#N/A,#N/A,,#N/A,,,,,,,,,,,,,,,,
,,#N/A,,#N/A,,#N/A,,#N/A,#N/A,,#N/A,,,,,,,,,,,,,,,,
,,#N/A,,#N/A,,#N/A,,#N/A,#N/A,,#N/A,,,,,,,,,,,,,,,,
,,#N/A,,#N/A,,#N/A,,#N/A,#N/A,,#N/A,,,,,,,,,,,,,,,,
,,#N/A,,#N/A,,#N/A,,#N/A,#N/A,,#N/A,,,,,,,,,,,,,,,,
,,#N/A,,#N/A,,#N/A,,#N/A,#N/A,,#N/A,,,,,,,,,,,,,,,,
,,#N/A,,#N/A,,#N/A,,#N/A,#N/A,,#N/A,,,,,,,,,,,,,,,,
,,#N/A,,#N/A,,#N/A,,#N/A,#N/A,,#N/A,,,,,,,,,,,,,,,,
,,#N/A,,#N/A,,#N/A,,#N/A,#N/A,,#N/A,,,,,,,,,,,,,,,,
,,#N/A,,#N/A,,#N/A,,#N/A,#N/A,,#N/A,,,,,,,,,,,,,,,,
,,#N/A,,#N/A,,#N/A,,#N/A,#N/A,,#N/A,,,,,,,,,,,,,,,,
,,#N/A,,#N/A,,#N/A,,#N/A,#N/A,,#N/A,,,,,,,,,,,,,,,,
,,#N/A,,#N/A,,#N/A,,#N/A,#N/A,,#N/A,,,,,,,,,,,,,,,,
,,#N/A,,#N/A,,#N/A,,#N/A,#N/A,,#N/A,,,,,,,,,,,,,,,,
,,#N/A,,#N/A,,#N/A,,#N/A,#N/A,,#N/A,,,,,,,,,,,,,,,,
,,#N/A,,#N/A,,#N/A,,#N/A,#N/A,,#N/A,,,,,,,,,,,,,,,,
,,#N/A,,#N/A,,#N/A,,#N/A,#N/A,,#N/A,,,,,,,,,,,,,,,,
,,#N/A,,#N/A,,#N/A,,#N/A,#N/A,,#N/A,,,,,,,,,,,,,,,,
,,#N/A,,#N/A,,#N/A,,#N/A,#N/A,,#N/A,,,,,,,,,,,,,,,,
,,#N/A,,#N/A,,#N/A,,#N/A,#N/A,,#N/A,,,,,,,,,,,,,,,,
,,#N/A,,#N/A,,#N/A,,#N/A,#N/A,,#N/A,,,,,,,,,,,,,,,,
,,#N/A,,#N/A,,#N/A,,#N/A,#N/A,,#N/A,,,,,,,,,,,,,,,,
,,#N/A,,#N/A,,#N/A,,#N/A,#N/A,,#N/A,,,,,,,,,,,,,,,,
,,#N/A,,#N/A,,#N/A,,#N/A,#N/A,,#N/A,,,,,,,,,,,,,,,,
,,#N/A,,#N/A,,#N/A,,#N/A,#N/A,,#N/A,,,,,,,,,,,,,,,,
,,#N/A,,#N/A,,#N/A,,#N/A,#N/A,,#N/A,,,,,,,,,,,,,,,,
,,#N/A,,#N/A,,#N/A,,#N/A,#N/A,,#N/A,,,,,,,,,,,,,,,,
,,#N/A,,#N/A,,#N/A,,#N/A,#N/A,,#N/A,,,,,,,,,,,,,,,,
,,#N/A,,#N/A,,#N/A,,#N/A,#N/A,,#N/A,,,,,,,,,,,,,,,,
,,#N/A,,#N/A,,#N/A,,#N/A,#N/A,,#N/A,,,,,,,,,,,,,,,,
,,#N/A,,#N/A,,#N/A,,#N/A,#N/A,,#N/A,,,,,,,,,,,,,,,,
,,#N/A,,#N/A,,#N/A,,#N/A,#N/A,,#N/A,,,,,,,,,,,,,,,,
,,#N/A,,#N/A,,#N/A,,#N/A,#N/A,,#N/A,,,,,,,,,,,,,,,,
,,#N/A,,#N/A,,#N/A,,#N/A,#N/A,,#N/A,,,,,,,,,,,,,,,,
,,#N/A,,#N/A,,#N/A,,#N/A,#N/A,,#N/A,,,,,,,,,,,,,,,,
,,#N/A,,#N/A,,#N/A,,#N/A,#N/A,,#N/A,,,,,,,,,,,,,,,,
,,#N/A,,#N/A,,#N/A,,#N/A,#N/A,,#N/A,,,,,,,,,,,,,,,,
,,#N/A,,#N/A,,#N/A,,#N/A,#N/A,,#N/A,,,,,,,,,,,,,,,,
,,#N/A,,#N/A,,#N/A,,#N/A,#N/A,,#N/A,,,,,,,,,,,,,,,,
,,#N/A,,#N/A,,#N/A,,#N/A,#N/A,,#N/A,,,,,,,,,,,,,,,,
,,#N/A,,#N/A,,#N/A,,#N/A,#N/A,,#N/A,,,,,,,,,,,,,,,,
,,#N/A,,#N/A,,#N/A,,#N/A,#N/A,,#N/A,,,,,,,,,,,,,,,,
,,#N/A,,#N/A,,#N/A,,#N/A,#N/A,,#N/A,,,,,,,,,,,,,,,,
,,#N/A,,#N/A,,#N/A,,#N/A,#N/A,,#N/A,,,,,,,,,,,,,,,,
,,#N/A,,#N/A,,#N/A,,#N/A,#N/A,,#N/A,,,,,,,,,,,,,,,,
,,#N/A,,#N/A,,#N/A,,#N/A,#N/A,,#N/A,,,,,,,,,,,,,,,,
,,#N/A,,#N/A,,#N/A,,#N/A,#N/A,,#N/A,,,,,,,,,,,,,,,,
,,#N/A,,#N/A,,#N/A,,#N/A,#N/A,,#N/A,,,,,,,,,,,,,,,,
,,#N/A,,#N/A,,#N/A,,#N/A,#N/A,,#N/A,,,,,,,,,,,,,,,,
,,#N/A,,#N/A,,#N/A,,#N/A,#N/A,,#N/A,,,,,,,,,,,,,,,,
,,#N/A,,#N/A,,#N/A,,#N/A,#N/A,,#N/A,,,,,,,,,,,,,,,,
,,#N/A,,#N/A,,#N/A,,#N/A,#N/A,,#N/A,,,,,,,,,,,,,,,,
,,#N/A,,#N/A,,#N/A,,#N/A,#N/A,,#N/A,,,,,,,,,,,,,,,,
,,#N/A,,#N/A,,#N/A,,#N/A,#N/A,,#N/A,,,,,,,,,,,,,,,,
,,#N/A,,#N/A,,#N/A,,#N/A,#N/A,,#N/A,,,,,,,,,,,,,,,,
,,#N/A,,#N/A,,#N/A,,#N/A,#N/A,,#N/A,,,,,,,,,,,,,,,,
,,#N/A,,#N/A,,#N/A,,#N/A,#N/A,,#N/A,,,,,,,,,,,,,,,,
,,#N/A,,#N/A,,#N/A,,#N/A,#N/A,,#N/A,,,,,,,,,,,,,,,,
,,#N/A,,#N/A,,#N/A,,#N/A,#N/A,,#N/A,,,,,,,,,,,,,,,,
,,#N/A,,#N/A,,#N/A,,#N/A,#N/A,,#N/A,,,,,,,,,,,,,,,,
,,#N/A,,#N/A,,#N/A,,#N/A,#N/A,,#N/A,,,,,,,,,,,,,,,,
,,#N/A,,#N/A,,#N/A,,#N/A,#N/A,,#N/A,,,,,,,,,,,,,,,,
,,#N/A,,#N/A,,#N/A,,#N/A,#N/A,,#N/A,,,,,,,,,,,,,,,,
,,#N/A,,#N/A,,#N/A,,#N/A,#N/A,,#N/A,,,,,,,,,,,,,,,,
,,#N/A,,#N/A,,#N/A,,#N/A,#N/A,,#N/A,,,,,,,,,,,,,,,,
,,#N/A,,#N/A,,#N/A,,#N/A,#N/A,,#N/A,,,,,,,,,,,,,,,,
,,#N/A,,#N/A,,#N/A,,#N/A,#N/A,,#N/A,,,,,,,,,,,,,,,,
,,#N/A,,#N/A,,#N/A,,#N/A,#N/A,,#N/A,,,,,,,,,,,,,,,,
,,#N/A,,#N/A,,#N/A,,#N/A,#N/A,,#N/A,,,,,,,,,,,,,,,,
,,#N/A,,#N/A,,#N/A,,#N/A,#N/A,,#N/A,,,,,,,,,,,,,,,,
,,#N/A,,#N/A,,#N/A,,#N/A,#N/A,,#N/A,,,,,,,,,,,,,,,,
,,#N/A,,#N/A,,#N/A,,#N/A,#N/A,,#N/A,,,,,,,,,,,,,,,,
,,#N/A,,#N/A,,#N/A,,#N/A,#N/A,,#N/A,,,,,,,,,,,,,,,,
,,#N/A,,#N/A,,#N/A,,#N/A,#N/A,,#N/A,,,,,,,,,,,,,,,,
,,#N/A,,#N/A,,#N/A,,#N/A,#N/A,,#N/A,,,,,,,,,,,,,,,,
,,#N/A,,#N/A,,#N/A,,#N/A,#N/A,,#N/A,,,,,,,,,,,,,,,,
,,#N/A,,#N/A,,#N/A,,#N/A,#N/A,,#N/A,,,,,,,,,,,,,,,,
,,#N/A,,#N/A,,#N/A,,#N/A,#N/A,,#N/A,,,,,,,,,,,,,,,,
,,#N/A,,#N/A,,#N/A,,#N/A,#N/A,,#N/A,,,,,,,,,,,,,,,,
,,#N/A,,#N/A,,#N/A,,#N/A,#N/A,,#N/A,,,,,,,,,,,,,,,,
,,#N/A,,#N/A,,#N/A,,#N/A,#N/A,,#N/A,,,,,,,,,,,,,,,,
,,#N/A,,#N/A,,#N/A,,#N/A,#N/A,,#N/A,,,,,,,,,,,,,,,,
,,#N/A,,#N/A,,#N/A,,#N/A,#N/A,,#N/A,,,,,,,,,,,,,,,,
,,#N/A,,#N/A,,#N/A,,#N/A,#N/A,,#N/A,,,,,,,,,,,,,,,,
,,#N/A,,#N/A,,#N/A,,#N/A,#N/A,,#N/A,,,,,,,,,,,,,,,,
,,#N/A,,#N/A,,#N/A,,#N/A,#N/A,,#N/A,,,,,,,,,,,,,,,,
,,#N/A,,#N/A,,#N/A,,#N/A,#N/A,,#N/A,,,,,,,,,,,,,,,,
,,#N/A,,#N/A,,#N/A,,#N/A,#N/A,,#N/A,,,,,,,,,,,,,,,,
,,#N/A,,#N/A,,#N/A,,#N/A,#N/A,,#N/A,,,,,,,,,,,,,,,,
,,#N/A,,#N/A,,#N/A,,,#N/A,,#N/A,,,,,,,,,,,,,,,,
,,#N/A,,#N/A,,#N/A,,,#N/A,,#N/A,,,,,,,,,,,,,,,,
,,#N/A,,#N/A,,#N/A,,,#N/A,,#N/A,,,,,,,,,,,,,,,,
,,#N/A,,#N/A,,#N/A,,,#N/A,,#N/A,,,,,,,,,,,,,,,,
,,#N/A,,#N/A,,#N/A,,,#N/A,,#N/A,,,,,,,,,,,,,,,,
,,#N/A,,#N/A,,#N/A,,,#N/A,,#N/A,,,,,,,,,,,,,,,,
,,#N/A,,#N/A,,#N/A,,,#N/A,,#N/A,,,,,,,,,,,,,,,,
,,#N/A,,#N/A,,#N/A,,,#N/A,,#N/A,,,,,,,,,,,,,,,,
,,#N/A,,#N/A,,#N/A,,,#N/A,,#N/A,,,,,,,,,,,,,,,,
,,#N/A,,#N/A,,#N/A,,,#N/A,,#N/A,,,,,,,,,,,,,,,,
,,#N/A,,#N/A,,#N/A,,,#N/A,,#N/A,,,,,,,,,,,,,,,,
,,#N/A,,#N/A,,#N/A,,,#N/A,,#N/A,,,,,,,,,,,,,,,,
,,#N/A,,#N/A,,#N/A,,,#N/A,,#N/A,,,,,,,,,,,,,,,,
,,#N/A,,#N/A,,#N/A,,,#N/A,,#N/A,,,,,,,,,,,,,,,,